-- DADOS COMPLETOS DO BANCO - Papo Detailer - 2026-07-22

-- CATEGORIAS
-- categories (8 registros)

INSERT INTO public.categories (id, name, slug, description, icon, cover_image, display_order, created_at) VALUES ('330f3e55-c35d-411b-afff-3d2184e0f3b9', 'Limpeza Externa', 'limpeza-externa', 'Produtos para lavagem e limpeza automotiva, incluindo shampoos neutros, descontaminantes e lava-rápidos.', 'drop', NULL, 1, '2026-07-11T20:06:38.696513+00:00');
INSERT INTO public.categories (id, name, slug, description, icon, cover_image, display_order, created_at) VALUES ('fc57ced6-8e7f-449e-860d-6fd7fcab1081', 'Limpeza Interna', 'limpeza-interna', 'Produtos para limpeza e cuidado do interior do veículo, incluindo limpa-estofados, hidratantes e desodorizantes.', 'armchair', NULL, 2, '2026-07-11T20:06:38.696513+00:00');
INSERT INTO public.categories (id, name, slug, description, icon, cover_image, display_order, created_at) VALUES ('f1341dff-415a-4e17-8262-5549273d6b1d', 'Ceras e Selantes', 'ceras-e-selantes', 'Ceras, selantes e protetores de pintura para proteção e brilho da superfície automotiva.', 'shield', NULL, 3, '2026-07-11T20:06:38.696513+00:00');
INSERT INTO public.categories (id, name, slug, description, icon, cover_image, display_order, created_at) VALUES ('70c01ac7-0184-4d49-9e17-8887cfd4cf7c', 'Limpeza de Vidros', 'limpeza-de-vidros', 'Produtos para limpeza, cristalização e repelência de vidros automotivos.', 'eye', NULL, 4, '2026-07-12T00:03:53.846287+00:00');
INSERT INTO public.categories (id, name, slug, description, icon, cover_image, display_order, created_at) VALUES ('f13b7270-b3c6-449b-b1d0-78394cafbd51', 'Polimento e Vitrificadores', 'polimento-e-vitrificadores', 'Produtos para correção de pintura, incluindo compostos de corte, polidores e massas de polir.', 'sparkle', NULL, 5, '2026-07-11T20:06:38.696513+00:00');
INSERT INTO public.categories (id, name, slug, description, icon, cover_image, display_order, created_at) VALUES ('0692de62-db73-4a92-9385-d586d96e384c', 'Pneus e Rodas', 'pneus-e-rodas', NULL, 'tire', NULL, 6, '2026-07-20T00:44:19.410732+00:00');
INSERT INTO public.categories (id, name, slug, description, icon, cover_image, display_order, created_at) VALUES ('b1343dd8-ae32-4239-a176-6af36a42cb64', 'Acessórios e Ferramentas', 'acessorios-e-ferramentas', NULL, 'gear', NULL, 7, '2026-07-19T17:02:32.45277+00:00');
INSERT INTO public.categories (id, name, slug, description, icon, cover_image, display_order, created_at) VALUES ('8ef857d3-fd72-4595-8339-a4f25e83dab7', 'Aromatizantes', 'aromatizantes', 'Aromatizantes, perfumes e odorizadores para o interior do veículo.', 'spray-bottle', NULL, 8, '2026-07-12T00:03:53.846287+00:00');

-- MARCAS
-- brands (29 registros)

INSERT INTO public.brands (id, name, slug, description, logo_url, country, is_featured, created_at) VALUES ('8b51b80f-04d1-4897-96af-1b0fe342fbf7', 'Alcance', 'alcance', 'Marca brasileira especializada em vitrificadores cerâmicos e grafeno de alta durabilidade.', NULL, 'Brasil', false, '2026-07-12T00:03:53.846287+00:00');
INSERT INTO public.brands (id, name, slug, description, logo_url, country, is_featured, created_at) VALUES ('385f81e4-b24d-435f-9425-4e642ad1ab49', 'Areon', 'areon', 'Marca europeia especializada em aromatizantes e perfumes automotivos premium.', NULL, 'Bulgária', false, '2026-07-12T00:03:53.846287+00:00');
INSERT INTO public.brands (id, name, slug, description, logo_url, country, is_featured, created_at) VALUES ('0034e49a-0e94-44bd-bd3e-782f864ef600', 'Auto Crazy', 'auto-crazy', 'Marca de acessórios para detalhamento, especializada em flanelas e toalhas de microfibra.', NULL, 'Brasil', false, '2026-07-12T00:03:53.846287+00:00');
INSERT INTO public.brands (id, name, slug, description, logo_url, country, is_featured, created_at) VALUES ('2b39cb65-a982-40a6-a5e2-89b41a74bceb', 'Autoamerica', 'autoamerica', 'Marca brasileira com linha completa de produtos para estética automotiva, de shampoos a ceras e microfibras.', NULL, 'Brasil', false, '2026-07-12T00:03:53.846287+00:00');
INSERT INTO public.brands (id, name, slug, description, logo_url, country, is_featured, created_at) VALUES ('ea720c10-751e-4e7a-a83c-547e3152d45c', 'Autoshine', 'autoshine', 'Marca nacional de produtos automotivos com linha de hidratantes de couro, ceras e cristalizadores.', NULL, 'Brasil', false, '2026-07-12T00:03:53.846287+00:00');
INSERT INTO public.brands (id, name, slug, description, logo_url, country, is_featured, created_at) VALUES ('89fcb84c-3878-4df6-b40a-091b42980372', 'Cadillac', 'cadillac', 'Marca brasileira de produtos para estética automotiva, com linha de compostos polidores, ceras e APCs.', NULL, 'Brasil', false, '2026-07-12T00:03:53.846287+00:00');
INSERT INTO public.brands (id, name, slug, description, logo_url, country, is_featured, created_at) VALUES ('932d8081-e1dc-49e9-921d-2524688ee6a1', 'CarPro', 'carpro', 'Marca especializada em produtos de detalhamento automotivo premium, com APCs, selantes e produtos cerâmicos.', NULL, 'Coreia do Sul', false, '2026-07-12T00:03:53.846287+00:00');
INSERT INTO public.brands (id, name, slug, description, logo_url, country, is_featured, created_at) VALUES ('2bdadc92-74a3-4390-b2fd-93ec18bad73b', 'Detailer', 'detailer', 'Marca de acessórios e utilitários para detalhamento automotivo, com escovas, aplicadores e flanelas.', NULL, 'Brasil', false, '2026-07-12T00:03:53.846287+00:00');
INSERT INTO public.brands (id, name, slug, description, logo_url, country, is_featured, created_at) VALUES ('2185419a-46fb-4b38-8983-1257609353c5', 'Dimension', 'dimension', 'Marca premium de produtos para coating cerâmico e proteção automotiva de alta performance.', NULL, 'Brasil', false, '2026-07-12T00:03:53.846287+00:00');
INSERT INTO public.brands (id, name, slug, description, logo_url, country, is_featured, created_at) VALUES ('8961ebde-3503-42e3-a139-f719fc1d161a', 'Dub Boyz', 'dub-boyz', NULL, NULL, NULL, false, '2026-07-12T01:16:38.675668+00:00');
INSERT INTO public.brands (id, name, slug, description, logo_url, country, is_featured, created_at) VALUES ('16ed7769-be17-4581-8fbd-90a4d5d6499b', 'EasyTech', 'easytech', 'Marca nacional especializada em produtos profissionais para estética automotiva, com linha completa de shampoos, compostos, APCs e produtos de couro.', NULL, 'Brasil', true, '2026-07-12T00:03:53.846287+00:00');
INSERT INTO public.brands (id, name, slug, description, logo_url, country, is_featured, created_at) VALUES ('d78b1eae-ba8a-4bc9-b51a-9e17174a6cda', 'Evox', 'evox', 'Marca brasileira de produtos para estética automotiva, com ceras, limpadores de couro e shampoos.', NULL, 'Brasil', false, '2026-07-12T00:03:53.846287+00:00');
INSERT INTO public.brands (id, name, slug, description, logo_url, country, is_featured, created_at) VALUES ('2e08565e-e2cd-4e0f-9c3f-fca0e7880be8', 'Finisher', 'finisher', NULL, NULL, NULL, false, '2026-07-12T01:16:38.675668+00:00');
INSERT INTO public.brands (id, name, slug, description, logo_url, country, is_featured, created_at) VALUES ('791f9478-d15a-4863-966b-90777fa6bfb0', 'Lincoln', 'lincoln', 'Marca tradicional brasileira de produtos automotivos, conhecida por compostos polidores, ceras e limpadores de alta qualidade.', NULL, 'Brasil', true, '2026-07-12T00:03:53.846287+00:00');
INSERT INTO public.brands (id, name, slug, description, logo_url, country, is_featured, created_at) VALUES ('6d378b3b-2d45-4344-bd11-8b115760f614', 'Little Trees', 'little-trees', 'Marca americana icônica de aromatizantes automotivos com clássicos formatos de árvore.', NULL, 'Estados Unidos', false, '2026-07-12T00:03:53.846287+00:00');
INSERT INTO public.brands (id, name, slug, description, logo_url, country, is_featured, created_at) VALUES ('c747af13-8743-4dc5-acf2-c6835c4d82a6', 'Magil Clean', 'magil-clean', NULL, NULL, NULL, false, '2026-07-12T01:16:38.675668+00:00');
INSERT INTO public.brands (id, name, slug, description, logo_url, country, is_featured, created_at) VALUES ('78b7fed4-2a85-4bfd-8668-9aa21a97d076', 'Menzerna', 'menzerna', 'Marca alemã referência mundial em compostos polidores profissionais para polimento técnico automotivo.', NULL, 'Alemanha', true, '2026-07-12T00:03:53.846287+00:00');
INSERT INTO public.brands (id, name, slug, description, logo_url, country, is_featured, created_at) VALUES ('9d92839d-dd51-4e10-9ee8-8e298075970d', 'Mothers', 'mothers', 'Marca americana premium de produtos para cuidado automotivo, com linha de shampoos, ceras e limpadores de couro.', NULL, 'Estados Unidos', false, '2026-07-12T00:03:53.846287+00:00');
INSERT INTO public.brands (id, name, slug, description, logo_url, country, is_featured, created_at) VALUES ('d63e941d-7271-419d-81cb-effa1a5cf1af', 'Nobre Car', 'nobre-car', 'Marca brasileira de produtos para estética automotiva com linha de shampoos e cuidados.', NULL, 'Brasil', false, '2026-07-12T00:03:53.846287+00:00');
INSERT INTO public.brands (id, name, slug, description, logo_url, country, is_featured, created_at) VALUES ('8da721ad-aaec-4015-80e0-fe8efc9d894f', 'Protelim', 'protelim', 'Marca brasileira de produtos de limpeza automotiva industrial, com detergentes e shampoos concentrados.', NULL, 'Brasil', false, '2026-07-12T00:03:53.846287+00:00');
INSERT INTO public.brands (id, name, slug, description, logo_url, country, is_featured, created_at) VALUES ('5e2bcd3b-33c4-489c-8351-955bd4722630', 'Resoltak', 'resoltak', NULL, NULL, NULL, false, '2026-07-12T01:16:38.675668+00:00');
INSERT INTO public.brands (id, name, slug, description, logo_url, country, is_featured, created_at) VALUES ('60e4659f-4ae3-4f30-9a14-187dc8c8411d', 'Sandet', 'sandet', 'Marca brasileira de produtos automotivos, com linha de limpadores e finalizadores para pneus.', NULL, 'Brasil', false, '2026-07-12T00:03:53.846287+00:00');
INSERT INTO public.brands (id, name, slug, description, logo_url, country, is_featured, created_at) VALUES ('e992f177-70fb-4f9e-8188-455de352d018', 'Soft99', 'soft99', 'Marca japonesa renomada mundialmente por suas ceras, selantes e cristalizadores de vidros de alta performance.', NULL, 'Japão', true, '2026-07-12T00:03:53.846287+00:00');
INSERT INTO public.brands (id, name, slug, description, logo_url, country, is_featured, created_at) VALUES ('e2b10d5e-82fd-46ee-bc1c-da5c8d8a1788', 'Sonax', 'sonax', 'Marca alemã de produtos automotivos de alta qualidade, com linha completa de limpeza, proteção e cuidado.', NULL, 'Alemanha', false, '2026-07-12T00:03:53.846287+00:00');
INSERT INTO public.brands (id, name, slug, description, logo_url, country, is_featured, created_at) VALUES ('34cab4ed-f039-48d0-a0df-66add255088c', 'Spartan', 'spartan', NULL, NULL, NULL, false, '2026-07-12T01:16:38.675668+00:00');
INSERT INTO public.brands (id, name, slug, description, logo_url, country, is_featured, created_at) VALUES ('d4f656fc-78dd-4f8e-a792-0e64df4b49ab', 'Vintex', 'vintex', 'Marca brasileira de produtos automotivos, conhecida por shampoos, pneu pretinho e massas de polir.', NULL, 'Brasil', false, '2026-07-12T00:03:53.846287+00:00');
INSERT INTO public.brands (id, name, slug, description, logo_url, country, is_featured, created_at) VALUES ('2521bc20-0c66-4bea-91fa-83cef52db28b', 'Vonixx', 'vonixx', 'Marca brasileira de produtos de estética automotiva, reconhecida por suas linhas de shampoos, ceras, polidores e vitrificadores.', 'https://images.tcdn.com.br/img/editor/up/1152560/vonixxlogohomepolibox2024_na_poliboxV5.png', 'Brasil', true, '2026-07-12T00:03:53.846287+00:00');
INSERT INTO public.brands (id, name, slug, description, logo_url, country, is_featured, created_at) VALUES ('72e1ebc9-bb00-4da5-8263-cbf1500055bf', 'Wurth', 'wurth', NULL, NULL, NULL, false, '2026-07-12T01:16:38.675668+00:00');
INSERT INTO public.brands (id, name, slug, description, logo_url, country, is_featured, created_at) VALUES ('dfbfa922-6f13-408a-b5ab-fa62e54f92b1', 'Zacs', 'zacs', NULL, NULL, NULL, false, '2026-07-12T01:16:38.675668+00:00');

-- PRODUTOS
-- products (105 registros)

INSERT INTO public.products (id, name, slug, brand_id, category_id, short_description, description, specifications, usability, tips, image_url, gallery_images, rating, review_count, is_featured, is_new, tags, created_at, status, publish_at, published_at, parent_product_id, variant_label) VALUES ('001f1af8-f6d2-432f-bf7f-ca3c7ff54caa', 'Acidus Fast Limpador de Uso Geral Uso Externo Vonixx 500ml', 'acidus-fast-limpador-de-uso-geral-uso-externo-vonixx-500ml', '2521bc20-0c66-4bea-91fa-83cef52db28b', 'fc57ced6-8e7f-449e-860d-6fd7fcab1081', NULL, NULL, '{}'::text[], NULL, NULL, 'https://images.tcdn.com.br/img/img_prod/1152560/acidus_fast_limpador_de_uso_geral_uso_externo_vo_1_20251015005351_7ceb989344b8.jpg', '{}'::text[], 0, 0, false, false, '{}'::text[], '2026-07-12T01:21:39.288505+00:00', 'published', NULL, '2026-07-12T16:23:51.432373+00:00', NULL, '500ml');
INSERT INTO public.products (id, name, slug, brand_id, category_id, short_description, description, specifications, usability, tips, image_url, gallery_images, rating, review_count, is_featured, is_new, tags, created_at, status, publish_at, published_at, parent_product_id, variant_label) VALUES ('22dd7dce-9e50-4e4d-aa14-7ca7ca932ee1', 'Acidus Pro Limpador de Uso Geral Uso Externo Vonixx 1 5 L', 'acidus-pro-limpador-de-uso-geral-uso-externo-vonixx-1-5-l', '2521bc20-0c66-4bea-91fa-83cef52db28b', 'fc57ced6-8e7f-449e-860d-6fd7fcab1081', NULL, NULL, '{}'::text[], NULL, NULL, 'https://images.tcdn.com.br/img/img_prod/1152560/acidus_pro_limpador_de_uso_geral_uso_externo_von_1_20251015010946_466dabba2fcd.jpg', '{}'::text[], 0, 0, false, false, '{}'::text[], '2026-07-12T01:21:39.288505+00:00', 'published', NULL, '2026-07-12T16:23:51.432373+00:00', '001f1af8-f6d2-432f-bf7f-ca3c7ff54caa', '1,5L');
INSERT INTO public.products (id, name, slug, brand_id, category_id, short_description, description, specifications, usability, tips, image_url, gallery_images, rating, review_count, is_featured, is_new, tags, created_at, status, publish_at, published_at, parent_product_id, variant_label) VALUES ('29d75a27-24c7-46fc-b9d6-d39ac9b48ee0', 'ALUMINA CUTMAX 1200 Composto Polidor Corte Pesado EasyTech 500ml', 'alumina-cutmax-1200-easytech-500ml', '16ed7769-be17-4581-8fbd-90a4d5d6499b', 'f13b7270-b3c6-449b-b1d0-78394cafbd51', 'Composto polidor de corte pesado. Remoção rápida de riscos e nivelamento de texturas.', 'O composto polidor de corte Alumina Cutmax é revolucionário, um verdadeiro produto One Step. Tremendo poder de corte e acabamento impecável. A capacidade de remoção rápida de riscos e nivelamento de texturas impressiona. É o primeiro composto de corte produzido para qualquer tipo de verniz, dos mais macios aos mais duros e complexos. Usa o exclusivo sistema EASY SIA de abrasivos inteligentes, formados em 5 tipos de grão. Sem geração de pó. Alternativa rápida e de extrema qualidade para processos de polimento.', '{"Tipo": "Composto Polidor", "Corte": "Pesado", "Marca": "EasyTech", "Volume": "500ml"}'::jsonb, '1. Alumina Cutmax pode ser usado em máquinas rotativas e roto orbitais. 2. Coloque produto na boina de polimento e espalhe com a máquina desligada. 3. Com o produto espalhado na peça, inicie o processo de polimento. 4. Na fase inicial trabalhe com uma leve pressão e mais velocidade. 5. Diminua a pressão e a velocidade a medida que os abrasivos forem quebrando. 6. Remova da peça com um pano de microfibras e use IPA ETS para inspeção final.', NULL, 'https://images.tcdn.com.br/img/img_prod/1152560/alumina_cutmax_1200_composto_polidor_de_corte_pesado_easytech_500ml_1951_1_166a2c6fc1095e45ac456d309fe7530a.jpg', '{}'::text[], 4.5, 2, false, true, '{}'::text[], '2026-07-12T00:06:02.620504+00:00', 'published', NULL, '2026-07-12T01:40:33.911531+00:00', NULL, NULL);
INSERT INTO public.products (id, name, slug, brand_id, category_id, short_description, description, specifications, usability, tips, image_url, gallery_images, rating, review_count, is_featured, is_new, tags, created_at, status, publish_at, published_at, parent_product_id, variant_label) VALUES ('6062980f-c286-462d-8dbb-5681fb8ee3ca', 'ALUMINA DETAILING 2500 Composto Polidor de Refino EasyTech 500ml', 'alumina-detailing-2500-easytech-500ml', '16ed7769-be17-4581-8fbd-90a4d5d6499b', 'f13b7270-b3c6-449b-b1d0-78394cafbd51', 'Composto polidor de refino. Nivelamento de texturas e preparo para lustro.', 'Sabemos que a cera de carnaúba é conhecida pelo brilho quente que proporciona à pintura. Com a evolução do mercado há crescente tendência para os produtos à base de polímeros e resinas sintéticas. A Easytech desenvolveu a Alumina Detailing, um composto de refino que alia o melhor dos dois mundos. A capacidade de refino e nivelamento de texturas impressiona, é o primeiro composto de refino produzido para qualquer tipo de verniz.', '{"Tipo": "Composto Polidor", "Corte": "Refino", "Marca": "EasyTech", "Volume": "500ml"}'::jsonb, 'Alumina Detailing pode ser usado em máquinas rotativas e roto orbitais. Coloque produto na boina de polimento e espalhe com a máquina desligada. Com o produto espalhado na peça, inicie o processo de polimento.', NULL, 'https://images.tcdn.com.br/img/img_prod/1152560/alumina_detailing_2500_composto_polidor_de_refino_easytech_500ml_1947_1_3248b76d3eb704a5b242a661a11fa72f.jpg', '{}'::text[], 4, 1, false, true, '{}'::text[], '2026-07-12T00:06:02.620504+00:00', 'published', NULL, '2026-07-12T01:40:33.911531+00:00', NULL, NULL);
INSERT INTO public.products (id, name, slug, brand_id, category_id, short_description, description, specifications, usability, tips, image_url, gallery_images, rating, review_count, is_featured, is_new, tags, created_at, status, publish_at, published_at, parent_product_id, variant_label) VALUES ('0e6cd462-5bae-4cd1-8eda-2a389991cc70', 'ALUMINA PERFECT GLOSS 3500 Composto Polidor de Lustro EasyTech 500ml', 'alumina-perfect-gloss-3500-easytech-500ml', '16ed7769-be17-4581-8fbd-90a4d5d6499b', 'f13b7270-b3c6-449b-b1d0-78394cafbd51', 'Composto polidor de lustro. Acabamento impecável e brilho intenso.', 'A capacidade de refino e nivelamento de texturas impressiona. É o primeiro composto de lustro produzido para qualquer tipo de verniz. Indicado para finalização de processos de polimento.', '{"Tipo": "Composto Polidor", "Corte": "Lustro", "Marca": "EasyTech", "Volume": "500ml"}'::jsonb, 'Alumina Perfect Gloss pode ser usado em máquinas rotativas e roto orbitais. Coloque produto na boina de polimento e espalhe com a máquina desligada. Com o produto espalhado na peça, inicie o processo de polimento.', NULL, 'https://images.tcdn.com.br/img/img_prod/1152560/alumina_perfect_gloss_3500_composto_polidor_de_lustro_easytech_500ml_1943_1_252c82346ee4c9ba147750c0a73875a7.jpg', '{}'::text[], 4.5, 1, false, true, '{}'::text[], '2026-07-12T00:06:02.620504+00:00', 'published', NULL, '2026-07-12T01:40:33.911531+00:00', NULL, NULL);
INSERT INTO public.products (id, name, slug, brand_id, category_id, short_description, description, specifications, usability, tips, image_url, gallery_images, rating, review_count, is_featured, is_new, tags, created_at, status, publish_at, published_at, parent_product_id, variant_label) VALUES ('b4084fac-7986-499e-b0b9-73dce238778e', 'Aquo Guard Shampoo Automotivo Desengraxante Alcance 500ml Diluicao ate 1400', 'aquo-guard-shampoo-automotivo-desengraxante-alcance-500ml-diluicao-ate-1400', '8b51b80f-04d1-4897-96af-1b0fe342fbf7', '330f3e55-c35d-411b-afff-3d2184e0f3b9', NULL, NULL, '{}'::text[], NULL, NULL, 'https://images.tcdn.com.br/img/img_prod/1152560/aquo_guard_shampoo_automotivo_desengraxante_alca_1_20260528160144_37164ab2146c.jpg', '{}'::text[], 0, 0, false, false, '{}'::text[], '2026-07-12T01:21:39.288505+00:00', 'published', NULL, '2026-07-12T16:23:51.432373+00:00', NULL, NULL);
INSERT INTO public.products (id, name, slug, brand_id, category_id, short_description, description, specifications, usability, tips, image_url, gallery_images, rating, review_count, is_featured, is_new, tags, created_at, status, publish_at, published_at, parent_product_id, variant_label) VALUES ('47f2a4af-d2f5-42e5-834f-2c2657973ea0', 'Areon Car Perfume Gold 50ml', 'areon-car-perfume-gold-50ml', '385f81e4-b24d-435f-9425-4e642ad1ab49', '8ef857d3-fd72-4595-8339-a4f25e83dab7', 'Areon Car Perfume Gold - Design inspirador aliado a perfumes marcantes.', 'Areon Car Perfume Gold - Design inspirador aliado a perfumes marcantes para um ambiente refrescante. Aroma: Exclusivo de fundo almiscarado e notas refrescantes. Família olfativa: Spicy. Notas de saída: cítrico e amadeirado. Notas de coração: lavanda, anis, eucalipto, rosa. Notas de fundo: almíscar, âmbar, patchouli. Conteúdo: 01 odorizador de ambiente spray (50ml) e um difusor de celulose.', '{"Embalagem": "01 odorizador spray (50ml) e difusor de celulose", "Fragrância": "Exclusivo de fundo almiscarado e notas refrescantes", "Notas de saída": "cítrico e amadeirado", "Família olfativa": "Spicy", "Notas de coração": "lavanda, anis, eucalipto, rosa"}'::jsonb, '1- Retire o conteúdo da embalagem. 2- Pendure a celulose em seu veiculo, ou onde desejar, e retire a tampa do frasco. 3- Pulverizar duas ou três vezes dentro do carro ou sobre o cartão de celulose.', NULL, 'https://images.tcdn.com.br/img/img_prod/1152560/areon_car_perfume_gold_50ml_817_1_2850c32802663e40b584baee150a6579.jpg', '{}'::text[], 4.5, 1, false, false, '{}'::text[], '2026-07-12T00:07:20.369681+00:00', 'published', NULL, '2026-07-12T01:40:33.911531+00:00', NULL, NULL);
INSERT INTO public.products (id, name, slug, brand_id, category_id, short_description, description, specifications, usability, tips, image_url, gallery_images, rating, review_count, is_featured, is_new, tags, created_at, status, publish_at, published_at, parent_product_id, variant_label) VALUES ('deee2959-4898-4c00-bf7e-92f604867d7f', 'Areon Car Perfume Platinum 50ml', 'areon-car-perfume-platinum-50ml', '385f81e4-b24d-435f-9425-4e642ad1ab49', '8ef857d3-fd72-4595-8339-a4f25e83dab7', 'Areon Car Perfume Platinum - Design inspirador aliado a perfumes marcantes.', 'AREON CAR PERFUME PLATINUM - Design inspirador aliado a perfumes marcantes para um ambiente refrescante. Aroma: Fragrância exclusiva com notas marcantes. Família olfativa: Spicy. Notas de saída: cítrico e amadeirado. Notas de coração: lavanda, anis, eucalipto, rosa. Notas de fundo: almíscar, âmbar, patchouli. Conteúdo: 01 odorizador de ambiente spray (50ml) e um difusor de celulose.', '{"Embalagem": "01 odorizador spray (50ml) e difusor de celulose", "Fragrância": "Exclusiva com notas marcantes", "Notas de saída": "cítrico e amadeirado", "Família olfativa": "Spicy", "Notas de coração": "lavanda, anis, eucalipto, rosa"}'::jsonb, '1- Retire o conteúdo da embalagem. 2- Pendure a celulose em seu veiculo, ou onde desejar, e retire a tampa do frasco. 3- Pulverizar duas ou três vezes dentro do carro ou sobre o cartão de celulose.', NULL, 'https://images.tcdn.com.br/img/img_prod/1152560/areon_car_perfume_platinum_50ml_813_1_ed3c020cc09b741bc041f15513635271.jpg', '{}'::text[], 4.5, 1, false, false, '{}'::text[], '2026-07-12T00:07:20.369681+00:00', 'published', NULL, '2026-07-12T01:40:33.911531+00:00', NULL, NULL);
INSERT INTO public.products (id, name, slug, brand_id, category_id, short_description, description, specifications, usability, tips, image_url, gallery_images, rating, review_count, is_featured, is_new, tags, created_at, status, publish_at, published_at, parent_product_id, variant_label) VALUES ('ef150f64-201a-43eb-96ec-c2d30259a0e1', 'Areon Car Perfume Red 50ml', 'areon-car-perfume-red-50ml', '385f81e4-b24d-435f-9425-4e642ad1ab49', '8ef857d3-fd72-4595-8339-a4f25e83dab7', 'Areon Car Perfume Red - Design inspirador aliado a perfumes marcantes para um ambiente refrescante.', 'Areon Car Perfume Red - Design inspirador aliado a perfumes marcantes para um ambiente refrescante aonde quer que você vá. Aroma: Fragrância refrescante, que combina notas cítricas e amadeiradas. Família olfativa: Spicy. Notas de saída: lavanda, limão, pimenta. Notas de coração: violeta, jasmim. Notas de fundo: patchouli, vetiver, cedro, almíscar. Conteúdo: 01 odorizador de ambiente spray (50ml) e um difusor de celulose.', '{"Embalagem": "01 odorizador spray (50ml) e difusor de celulose", "Fragrância": "Refrescante, cítricas e amadeiradas", "Notas de fundo": "patchouli, vetiver, cedro, almíscar", "Notas de saída": "lavanda, limão, pimenta", "Família olfativa": "Spicy", "Notas de coração": "violeta, jasmim"}'::jsonb, '1- Retire o conteúdo da embalagem. 2- Pendure a celulose em seu veiculo, ou onde desejar, e retire a tampa do frasco. 3- Pulverizar duas ou três vezes dentro do carro ou sobre o cartão de celulose.', NULL, 'https://images.tcdn.com.br/img/img_prod/1152560/areon_car_perfume_red_50ml_819_1_c271a6a29935d3fa63a86e4342202a92.jpg', '{}'::text[], 5, 2, true, false, '{}'::text[], '2026-07-12T00:07:20.369681+00:00', 'published', NULL, '2026-07-12T01:40:33.911531+00:00', NULL, NULL);
INSERT INTO public.products (id, name, slug, brand_id, category_id, short_description, description, specifications, usability, tips, image_url, gallery_images, rating, review_count, is_featured, is_new, tags, created_at, status, publish_at, published_at, parent_product_id, variant_label) VALUES ('45501fd9-9ca1-4dd3-a3ed-813d0267e94d', 'Areon Car Perfume Verano Azul 50ml', 'areon-car-perfume-verano-azul-50ml', '385f81e4-b24d-435f-9425-4e642ad1ab49', '8ef857d3-fd72-4595-8339-a4f25e83dab7', 'Odorizador Areon trará frescor duradouro e aroma agradável ao seu carro, casa, escritório e onde quiser.', 'AREON CAR PERFUME VERANO AZUL - Todo charme e requinte em um aromatizante com notas exclusivas. Design agradável e aroma cuidadosamente selecionado, convida a sensação de frescor, pureza e conforto ao seu redor. Conteúdo: 01 odorizador de ambiente spray (50ml) e um difusor de celulose.', '{"Embalagem": "01 odorizador spray (50ml) e difusor de celulose"}'::jsonb, '1- Retire o conteúdo da embalagem. 2- Pendure a celulose em seu veiculo, ou onde desejar, e retire a tampa do frasco. 3- Pulverizar duas ou três vezes dentro do carro ou sobre o cartão de celulose.', NULL, 'https://images.tcdn.com.br/img/img_prod/1152560/areon_car_perfume_verano_azul_50ml_1149_1_cf041f99feef83181c17f237a68ab226.jpg', '{}'::text[], 4, 1, false, false, '{}'::text[], '2026-07-12T00:07:20.369681+00:00', 'published', NULL, '2026-07-12T01:40:33.911531+00:00', NULL, NULL);
INSERT INTO public.products (id, name, slug, brand_id, category_id, short_description, description, specifications, usability, tips, image_url, gallery_images, rating, review_count, is_featured, is_new, tags, created_at, status, publish_at, published_at, parent_product_id, variant_label) VALUES ('52902056-85fa-4e8d-ae16-bcef1fe83537', 'Areon Fresco Apple & Cinnamon', 'areon-fresco-apple-cinnamon', '385f81e4-b24d-435f-9425-4e642ad1ab49', '8ef857d3-fd72-4595-8339-a4f25e83dab7', 'Perfume automotivo Areon Fresco com fragrância envolvente de maçã e canela. Design prático com pendurador para fácil uso.', 'Areon Fresco Apple & Cinnamon (Maça e Canela) - A beleza e singularidade da natureza capturada neste pequeno dispensador de fragrâncias. Ótima propagação do perfume em seu carro. Perfeito para pequenos espaços. Perfume líquido em frascos de vidro. Receptáculo de madeira natural. Fragrância: Apple & Cinnamon. Notas de saída: Citrus, Especiarias. Notas principais: Frutado, Patchouli, Maçã, Aromático. Notas de base: Canela, Musk. Conteúdo: 01 odorizador líquido (4ml) e um difusor de madeira.', '{"Embalagem": "01 odorizador líquido (4ml) e difusor de madeira", "Fragrância": "Apple & Cinnamon", "Notas de base": "Canela, Musk", "Notas de saída": "Citrus, Especiarias", "Notas principais": "Frutado, Patchouli, Maçã, Aromático"}'::jsonb, NULL, NULL, 'https://images.tcdn.com.br/img/img_prod/1152560/areon_fresco_apple_cinnamon_maca_e_canela_811_1_8739a85489876ebe6e4bdcb981e4aa3e.jpeg', '{}'::text[], 4.5, 1, false, false, '{}'::text[], '2026-07-12T00:07:20.369681+00:00', 'published', NULL, '2026-07-12T01:40:33.911531+00:00', NULL, NULL);
INSERT INTO public.products (id, name, slug, brand_id, category_id, short_description, description, specifications, usability, tips, image_url, gallery_images, rating, review_count, is_featured, is_new, tags, created_at, status, publish_at, published_at, parent_product_id, variant_label) VALUES ('b031b2d5-b448-424d-a007-50138a0e9713', 'Areon Fresco Sport Lux Gold', 'areon-fresco-sport-lux-gold', '385f81e4-b24d-435f-9425-4e642ad1ab49', '8ef857d3-fd72-4595-8339-a4f25e83dab7', 'Perfume para carro Areon Fresco Sport Lux Gold com aroma fresco e sofisticado. Design elegante em madeira.', 'AREON FRESCO SPORT LUX GOLD - A beleza e singularidade da natureza capturada neste pequeno dispensador de fragrâncias. Ótima propagação do perfume em seu carro. Fragrância: Gold. Notas de base: Laranja, Limão, Pinheiros. Notas de Coração: Lavanda, Anis, Eucalipto, Rosa. Notas de base: Almíscar, Âmbar, Patchouli. Conteúdo: 01 odorizador líquido (4ml) e um difusor de madeira.', '{"Embalagem": "01 odorizador líquido (4ml) e difusor de madeira", "Fragrância": "Gold", "Notas de base": "Laranja, Limão, Pinheiros", "Notas de coração": "Lavanda, Anis, Eucalipto, Rosa"}'::jsonb, NULL, NULL, 'https://images.tcdn.com.br/img/img_prod/1152560/fresco_areon_sport_lux_gold_879_1_9e67f025bbe631e1c4b195f8134cde1e.jpeg', '{}'::text[], 4, 1, false, false, '{}'::text[], '2026-07-12T00:07:20.369681+00:00', 'published', NULL, '2026-07-12T01:40:33.911531+00:00', NULL, NULL);
INSERT INTO public.products (id, name, slug, brand_id, category_id, short_description, description, specifications, usability, tips, image_url, gallery_images, rating, review_count, is_featured, is_new, tags, created_at, status, publish_at, published_at, parent_product_id, variant_label) VALUES ('dba386f5-21f6-4116-be19-84a698734686', 'Areon Fresco X Version Black Crystal', 'areon-fresco-x-version-black-crystal', '385f81e4-b24d-435f-9425-4e642ad1ab49', '8ef857d3-fd72-4595-8339-a4f25e83dab7', 'Aromatizador com design em madeira natural, fragrância sofisticada e durabilidade prolongada.', 'Aromatizador Areon Fresco X Black Crystal com design em madeira natural, fragrância sofisticada e durabilidade prolongada para carros e ambientes. Design moderno e elegante.', '{"Tipo": "Aromatizador", "Marca": "Areon", "Material": "Madeira natural"}'::jsonb, NULL, NULL, 'https://images.tcdn.com.br/img/img_prod/1152560/areon_smile_black_crystal_chamego_1_20251020204538_bc2b2fb24f3e.jpg', '{}'::text[], 4, 1, false, false, '{}'::text[], '2026-07-12T00:07:20.369681+00:00', 'published', NULL, '2026-07-12T01:19:04.090023+00:00', NULL, NULL);
INSERT INTO public.products (id, name, slug, brand_id, category_id, short_description, description, specifications, usability, tips, image_url, gallery_images, rating, review_count, is_featured, is_new, tags, created_at, status, publish_at, published_at, parent_product_id, variant_label) VALUES ('c59c4e36-e64d-471b-bbad-0b2ce7d84b62', 'Areon Fresh Wave New Car', 'areon-fresh-wave-new-car', '385f81e4-b24d-435f-9425-4e642ad1ab49', '8ef857d3-fd72-4595-8339-a4f25e83dab7', NULL, NULL, '{}'::text[], NULL, NULL, 'https://images.tcdn.com.br/img/img_prod/1152560/areon_fresh_wave_new_car_1_20260311143813_5c9842245981.jpg', '{}'::text[], 0, 0, false, false, '{}'::text[], '2026-07-12T01:20:45.498797+00:00', 'published', NULL, '2026-07-12T16:23:51.432373+00:00', NULL, NULL);
INSERT INTO public.products (id, name, slug, brand_id, category_id, short_description, description, specifications, usability, tips, image_url, gallery_images, rating, review_count, is_featured, is_new, tags, created_at, status, publish_at, published_at, parent_product_id, variant_label) VALUES ('7d7b7d52-2c04-4eeb-b463-51fefa0ed4ba', 'Areon Mon Aromatizante New Car', 'areon-mon-new-car', '385f81e4-b24d-435f-9425-4e642ad1ab49', '8ef857d3-fd72-4595-8339-a4f25e83dab7', 'Aromatizante com aroma de carro novo. Frescor duradouro e aroma agradável.', 'Com os seus componentes cuidadosamente selecionados, os Aromatizantes Areon trarão frescor duradouro e aroma agradável ao carro. Fragrância New Car, que remete ao cheiro de carro novo.', '{"Tipo": "Aromatizante", "Marca": "Areon", "Fragrância": "New Car"}'::jsonb, NULL, NULL, 'https://images.tcdn.com.br/img/img_prod/1152560/areon_fresh_wave_new_car_1_20260311143813_5c9842245981.jpg', '{}'::text[], 4.5, 1, false, true, '{}'::text[], '2026-07-12T00:07:20.369681+00:00', 'published', NULL, '2026-07-12T01:19:04.090023+00:00', NULL, NULL);
INSERT INTO public.products (id, name, slug, brand_id, category_id, short_description, description, specifications, usability, tips, image_url, gallery_images, rating, review_count, is_featured, is_new, tags, created_at, status, publish_at, published_at, parent_product_id, variant_label) VALUES ('d1a774cd-fbe9-4e49-9733-1df7ede9efe5', 'Areon Perfume Blister New Car 35ml', 'areon-perfume-blister-new-car-35ml', '385f81e4-b24d-435f-9425-4e642ad1ab49', '8ef857d3-fd72-4595-8339-a4f25e83dab7', NULL, NULL, '{}'::text[], NULL, NULL, 'https://images.tcdn.com.br/img/img_prod/1152560/areon_perfume_blister_new_car_35ml_1_20260521115138_2706bef2e6ba.jpg', '{}'::text[], 0, 0, false, false, '{}'::text[], '2026-07-12T01:22:15.399507+00:00', 'published', NULL, '2026-07-12T16:23:51.432373+00:00', NULL, NULL);
INSERT INTO public.products (id, name, slug, brand_id, category_id, short_description, description, specifications, usability, tips, image_url, gallery_images, rating, review_count, is_featured, is_new, tags, created_at, status, publish_at, published_at, parent_product_id, variant_label) VALUES ('6caa00bf-9fa7-4113-9462-f8b6774b3d3b', 'Areon Smile Black Crystal Chamego', 'areon-smile-black-crystal-chamego', '385f81e4-b24d-435f-9425-4e642ad1ab49', '8ef857d3-fd72-4595-8339-a4f25e83dab7', NULL, NULL, '{}'::text[], NULL, NULL, 'https://images.tcdn.com.br/img/img_prod/1152560/areon_smile_black_crystal_chamego_1_20251020204538_bc2b2fb24f3e.jpg', '{}'::text[], 0, 0, false, false, '{}'::text[], '2026-07-12T01:20:45.498797+00:00', 'published', NULL, '2026-07-12T16:23:51.432373+00:00', NULL, NULL);
INSERT INTO public.products (id, name, slug, brand_id, category_id, short_description, description, specifications, usability, tips, image_url, gallery_images, rating, review_count, is_featured, is_new, tags, created_at, status, publish_at, published_at, parent_product_id, variant_label) VALUES ('67382f18-6294-49c9-9974-3de82a691130', 'Aroma Para Carro Apple Cinnamon Areon', 'aroma-para-carro-apple-amp-cinnamon', '385f81e4-b24d-435f-9425-4e642ad1ab49', '8ef857d3-fd72-4595-8339-a4f25e83dab7', NULL, NULL, '{}'::text[], NULL, NULL, 'https://images.tcdn.com.br/img/img_prod/1152560/aroma_para_carro_apple_amp_cinnamon_1_20260206220320_b439b8004d8f.jpg', '{}'::text[], 0, 0, false, false, '{}'::text[], '2026-07-12T01:22:50.577752+00:00', 'published', NULL, '2026-07-12T16:23:51.432373+00:00', NULL, NULL);
INSERT INTO public.products (id, name, slug, brand_id, category_id, short_description, description, specifications, usability, tips, image_url, gallery_images, rating, review_count, is_featured, is_new, tags, created_at, status, publish_at, published_at, parent_product_id, variant_label) VALUES ('534aa53b-f71a-4f17-8621-592b8355938e', 'Aroma para Carro Cold Black Vonixx', 'aroma-para-carro-cold-black-vonixx', '2521bc20-0c66-4bea-91fa-83cef52db28b', '8ef857d3-fd72-4595-8339-a4f25e83dab7', NULL, NULL, '{}'::text[], NULL, NULL, 'https://images.tcdn.com.br/img/img_prod/1152560/aroma_para_carro_cold_black_vonixx_1_20260201194754_c7906bccc7a9.jpg', '{}'::text[], 0, 0, false, false, '{}'::text[], '2026-07-12T01:20:45.498797+00:00', 'published', NULL, '2026-07-12T16:23:51.432373+00:00', NULL, NULL);
INSERT INTO public.products (id, name, slug, brand_id, category_id, short_description, description, specifications, usability, tips, image_url, gallery_images, rating, review_count, is_featured, is_new, tags, created_at, status, publish_at, published_at, parent_product_id, variant_label) VALUES ('351d9087-0bcf-4006-9cea-e4f851bad03b', 'Aroma para Carro Fine Leather Vonixx', 'aroma-para-carro-fine-leather-vonixx', '2521bc20-0c66-4bea-91fa-83cef52db28b', '8ef857d3-fd72-4595-8339-a4f25e83dab7', NULL, NULL, '{}'::text[], NULL, NULL, 'https://images.tcdn.com.br/img/img_prod/1152560/aroma_para_carro_fine_leather_vonixx_1_20260201194517_c9bbf4069a46.jpg', '{}'::text[], 0, 0, false, false, '{}'::text[], '2026-07-12T01:20:45.498797+00:00', 'published', NULL, '2026-07-12T16:23:51.432373+00:00', NULL, NULL);
INSERT INTO public.products (id, name, slug, brand_id, category_id, short_description, description, specifications, usability, tips, image_url, gallery_images, rating, review_count, is_featured, is_new, tags, created_at, status, publish_at, published_at, parent_product_id, variant_label) VALUES ('793f2a4d-8558-4bf8-9057-e9bc4af0c6dd', 'Aroma para Carro Hot Coffee Vonixx', 'aroma-para-carro-hot-coffee-vonixx', '2521bc20-0c66-4bea-91fa-83cef52db28b', '8ef857d3-fd72-4595-8339-a4f25e83dab7', NULL, NULL, '{}'::text[], NULL, NULL, 'https://images.tcdn.com.br/img/img_prod/1152560/aroma_para_carro_hot_coffee_vonixx_1_20260201194100_d95226ad2e6c.jpg', '{}'::text[], 0, 0, false, false, '{}'::text[], '2026-07-12T01:20:45.498797+00:00', 'published', NULL, '2026-07-12T16:23:51.432373+00:00', NULL, NULL);
INSERT INTO public.products (id, name, slug, brand_id, category_id, short_description, description, specifications, usability, tips, image_url, gallery_images, rating, review_count, is_featured, is_new, tags, created_at, status, publish_at, published_at, parent_product_id, variant_label) VALUES ('ac5575f5-fc33-4d31-bd5e-5007a0f408a3', 'Aroma para Carro New Car Vonixx', 'aroma-para-carro-new-car-vonixx', '2521bc20-0c66-4bea-91fa-83cef52db28b', '8ef857d3-fd72-4595-8339-a4f25e83dab7', NULL, NULL, '{}'::text[], NULL, NULL, 'https://images.tcdn.com.br/img/img_prod/1152560/aroma_para_carro_new_car_vonixx_1_20260201195020_8e1ab9e778ed.jpg', '{}'::text[], 0, 0, false, false, '{}'::text[], '2026-07-12T01:20:45.498797+00:00', 'published', NULL, '2026-07-12T16:23:51.432373+00:00', NULL, NULL);
INSERT INTO public.products (id, name, slug, brand_id, category_id, short_description, description, specifications, usability, tips, image_url, gallery_images, rating, review_count, is_featured, is_new, tags, created_at, status, publish_at, published_at, parent_product_id, variant_label) VALUES ('3471e5f6-5643-446f-b5d3-ab66207d2dbe', 'Aromatizante Air Freshner Niponitos Samurai Soft 99', 'aromatizante-air-freshner-niponitos-samurai-soft-99', 'e992f177-70fb-4f9e-8188-455de352d018', '8ef857d3-fd72-4595-8339-a4f25e83dab7', NULL, NULL, '{}'::text[], NULL, NULL, 'https://images.tcdn.com.br/img/img_prod/1152560/aromatizante_air_freshner_niponitos_samurai_soft_9_1_20251118141858_e002fd8d6da0.jpg', '{}'::text[], 0, 0, false, false, '{}'::text[], '2026-07-12T01:20:45.498797+00:00', 'published', NULL, '2026-07-12T16:23:51.432373+00:00', NULL, NULL);
INSERT INTO public.products (id, name, slug, brand_id, category_id, short_description, description, specifications, usability, tips, image_url, gallery_images, rating, review_count, is_featured, is_new, tags, created_at, status, publish_at, published_at, parent_product_id, variant_label) VALUES ('5642642c-2b40-4a9a-b836-b330a51b4b08', 'Black Magic Tratamento Super Preto para Pneus Soft99 150ml', 'black-magic-soft99-150ml', 'e992f177-70fb-4f9e-8188-455de352d018', 'f1341dff-415a-4e17-8262-5549273d6b1d', 'Black Magic Soft 99 tratamento super preto para pneus. Brilho seco e natural, longa durabilidade.', 'Black Magic é um tratamento para pneus que traz um novo conceito do conhecido "pretinho". Diferentemente de outros produtos similares, Black Magic tem durabilidade de até 60 dias. Seu brilho é acetinado. Não deixa aspecto melado nem grudento. Após aplicação, cria uma camada repelente a água e a sujeira. Conteúdo: 150ml. Rendimento: até 40 pneus. Durabilidade: até 2 meses.', '{"Peso": "241 g", "Acompanha": "Luva Plástica", "Conteúdo": "150ml", "Rendimento": "até 40 pneus", "Durabilidade": "até 2 meses"}'::jsonb, '1- Lavar e secar bem os pneus antes da aplicação. 2- Agite bem o produto e pressione levemente a esponja aplicadora sobre o pneu. 3- Aplique de maneira uniforme uma fina camada. 4- Deixe secar de 10 a 20 minutos. 5- Feche a tampa e guarde com a esponja virada para cima.', 'Dica: Para um acabamento mais refinado, recomendamos a utilização da Esponja Tire Wax Soft99.', 'https://images.tcdn.com.br/img/img_prod/1152560/tratamento_super_preto_para_pneus_black_magic_soft99_150ml_651_1_5cb0dc16e917457f564d0a77dea5b364.jpg', '{}'::text[], 5, 1, false, false, '{}'::text[], '2026-07-12T00:06:58.200838+00:00', 'published', NULL, '2026-07-12T01:40:33.911531+00:00', NULL, NULL);
INSERT INTO public.products (id, name, slug, brand_id, category_id, short_description, description, specifications, usability, tips, image_url, gallery_images, rating, review_count, is_featured, is_new, tags, created_at, status, publish_at, published_at, parent_product_id, variant_label) VALUES ('e4b8f511-c756-4ebd-b3ac-c3d6acd404ff', 'Blend Paste Wax Cera em Pasta Vonixx 100g', 'blend-paste-wax-vonixx-100g', '2521bc20-0c66-4bea-91fa-83cef52db28b', 'f1341dff-415a-4e17-8262-5549273d6b1d', 'Cera em pasta com carnaúba e sílica. Proteção de até 7 meses.', 'Sabemos que a cera de carnaúba é conhecida pelo brilho quente que proporciona à pintura. Com a evolução do mercado há crescente tendência para os produtos à base de sílica. A Vonixx desenvolveu a BLEND CARNAÚBA SÍLICA PASTE WAX, unindo cera de carnaúba tipo 1 brasileira e sílica. O filme de proteção repele fortemente água, com proteção de até 7 meses.', '{"Peso": "100g", "Tipo": "Cera em Pasta", "Marca": "Vonixx", "Composição": "Carnaúba + SiO2"}'::jsonb, '1. Lavar bem o veículo e certificar-se que a pintura esteja livre de contaminantes. 2. Aplicar com aplicador de espuma em movimentos uniformes. 3. Aguardar entre 5 e 10 minutos. 4. Remover com toalha de microfibra. 5. Uma segunda camada proporcionará brilho e proteção maior.', NULL, 'https://images.tcdn.com.br/img/img_prod/1152560/blend_paste_wax_cera_em_pasta_vonixx_100g_1011_1_ea81d48538cdf6ecd263a309d786e11d.jpg', '{}'::text[], 5, 3, true, true, '{}'::text[], '2026-07-12T00:05:35.180408+00:00', 'published', NULL, '2026-07-12T01:40:33.911531+00:00', NULL, NULL);
INSERT INTO public.products (id, name, slug, brand_id, category_id, short_description, description, specifications, usability, tips, image_url, gallery_images, rating, review_count, is_featured, is_new, tags, created_at, status, publish_at, published_at, parent_product_id, variant_label) VALUES ('f5048bd2-acc6-4084-9225-ff20f2f0f8f8', 'Carnaúba Paste Wax Evox 200g', 'carnauba-paste-wax-evox-200g', 'd78b1eae-ba8a-4bc9-b51a-9e17174a6cda', 'f1341dff-415a-4e17-8262-5549273d6b1d', 'Cera em pasta com carnaúba natural tipo 1. Brilho quente e proteção por até 4 meses.', 'Carnaúba Paste Wax Evox (200g) - Cera de alto padrão, de fácil aplicação e isenta de abrasivos. Composição à base de cera de carnaúba 100% natural tipo 1, promove brilho quente, toque aveludado e proteção por até 4 meses.', '{"Peso": "200g", "Tipo": "Cera em Pasta", "Marca": "Evox", "Composição": "Carnaúba 100% natural tipo 1"}'::jsonb, 'Lavar bem o veículo e certificar-se de que a pintura esteja limpa e seca. Aplicar com aplicador de espuma em movimentos circulares. Aguardar de 3 a 5 minutos e remover com toalha de microfibra.', 'Pronto uso. Duração média: até 4 meses. Rendimento médio: até 60 veículos. Indicado para uso em superfícies com ou sem vitrificação.', 'https://images.tcdn.com.br/img/img_prod/1152560/carnauba_paste_wax_evox_200g_1333_1_78b86fbbc7ea528362873d2385f5ee32.jpg', '{}'::text[], 4, 1, false, false, '{}'::text[], '2026-07-12T00:05:35.180408+00:00', 'published', NULL, '2026-07-12T01:40:33.911531+00:00', NULL, NULL);
INSERT INTO public.products (id, name, slug, brand_id, category_id, short_description, description, specifications, usability, tips, image_url, gallery_images, rating, review_count, is_featured, is_new, tags, created_at, status, publish_at, published_at, parent_product_id, variant_label) VALUES ('9ab206f8-d97f-4a69-a669-d8b8a8436254', 'Cera em Pasta Hard Wax Cadillac 300g', 'cera-hard-wax-cadillac-300g', '89fcb84c-3878-4df6-b40a-091b42980372', 'f1341dff-415a-4e17-8262-5549273d6b1d', 'Cera em pasta com carnaúba branca tipo 1. Proteção por até 6 meses com efeito hidrofóbico.', 'A Cera em Pasta Hard Wax Cadillac é fabricada com carnaúba branca tipo 1, de altíssima qualidade. Realça a profundidade da coloração, com durabilidade de proteção de até 6 meses contra raios UV, chuvas, fuligem e maresia. Possui propriedade hidrofóbica e cera de abelha na formulação.', '{"Conteúdo": "150g", "Itens inclusos": "1 Cera Cadillac Hard Wax 150g e 1 Aplicador de Espuma"}'::jsonb, 'Aplicar sobre pintura devidamente preparada e espelhada, isenta de micro-riscos. Aplicar com aplicador de espuma, aguardar e remover com toalha de microfibra.', 'Conteúdo: 150g. Itens inclusos: 1 Cera Cadillac Hard Wax 150g e 1 Aplicador de Espuma.', 'https://images.tcdn.com.br/img/img_prod/1152560/cera_em_pasta_hard_wax_cadillac_300g_311_1_63ff25448a36648b31da7b29a52c667d.jpg', '{}'::text[], 4.5, 2, false, false, '{}'::text[], '2026-07-12T00:05:35.180408+00:00', 'published', NULL, '2026-07-12T01:40:33.911531+00:00', NULL, NULL);
INSERT INTO public.products (id, name, slug, brand_id, category_id, short_description, description, specifications, usability, tips, image_url, gallery_images, rating, review_count, is_featured, is_new, tags, created_at, status, publish_at, published_at, parent_product_id, variant_label) VALUES ('23c7fa97-2a61-4879-9658-2f309fef53df', 'Cera Fusso Coat Black Soft99 200g', 'cera-fusso-coat-black-soft99-200g', 'e992f177-70fb-4f9e-8188-455de352d018', 'f1341dff-415a-4e17-8262-5549273d6b1d', 'Cera selante sintética com polímeros de flúor, durabilidade de até 12 meses. Ideal para cores escuras.', 'Cera/Selante Fusso Coat Black Soft99 possui polímeros sintéticos de alta resistência à base de flúor que pode durar até 12 meses na lataria. Proporciona ultra repelência de água e sujeira, mantendo a superfície sempre limpa. Protege contra produtos químicos, poluições, chuva ácida, riscos, raios UV e ação do tempo. Efeito ultra brilhante, ideal para carros pretos ou de cores escuras. Textura sólida (pasta dura). Acompanha espuma aplicadora. Rendimento aproximado: 40 carros médios.', '{"Peso": "200g", "Tipo": "Sintética", "Marca": "Soft99", "Origem": "Japão", "Textura": "Pasta Dura", "Rendimento": "~40 carros", "Durabilidade": "Até 12 meses"}'::jsonb, NULL, NULL, 'https://images.tcdn.com.br/img/img_prod/1152560/cera_fusso_coat_black_para_cores_escuras_soft99_200g_867_1_f49c1af8865ce891629e5d24545b1b92.jpg', '{}'::text[], 5, 3, true, false, '{}'::text[], '2026-07-12T00:05:35.180408+00:00', 'published', NULL, '2026-07-12T01:40:33.911531+00:00', NULL, NULL);
INSERT INTO public.products (id, name, slug, brand_id, category_id, short_description, description, specifications, usability, tips, image_url, gallery_images, rating, review_count, is_featured, is_new, tags, created_at, status, publish_at, published_at, parent_product_id, variant_label) VALUES ('862ef68f-4718-48f1-b200-aea50a5f9c74', 'Cera Fusso Coat Light Soft99 200g', 'cera-fusso-coat-light-soft99-200g', 'e992f177-70fb-4f9e-8188-455de352d018', 'f1341dff-415a-4e17-8262-5549273d6b1d', 'Cera e selante sintético com polímeros de flúor para cores claras. Durabilidade de até 12 meses.', 'Cera e Selante Sintético Fusso Coat Light Soft99 possui polímeros sintéticos de alta resistência à base de flúor que pode durar até 12 meses na lataria. Ideal para carros de cores claras. Proporciona ultra repelência de água e sujeira. Protege contra produtos químicos, poluições, chuva ácida, riscos, raios UV e ação do tempo.', '{"Peso": "200g", "Tipo": "Sintética", "Marca": "Soft99", "Origem": "Japão", "Textura": "Pasta Dura", "Durabilidade": "Até 12 meses"}'::jsonb, NULL, NULL, 'https://images.tcdn.com.br/img/img_prod/1152560/cera_fusso_coat_light_para_cores_claras_soft99_200g_869_2_abd36fcaf6d4819d4f3d8c0e8af93260.jpg', '{}'::text[], 5, 2, true, false, '{}'::text[], '2026-07-12T00:05:35.180408+00:00', 'published', NULL, '2026-07-12T01:40:33.911531+00:00', NULL, NULL);
INSERT INTO public.products (id, name, slug, brand_id, category_id, short_description, description, specifications, usability, tips, image_url, gallery_images, rating, review_count, is_featured, is_new, tags, created_at, status, publish_at, published_at, parent_product_id, variant_label) VALUES ('15c303d7-51dd-4b33-81ab-28edce6a5b9c', 'Cera Líquida Autoshine 500ml', 'cera-liquida-autoshine-500ml', 'ea720c10-751e-4e7a-a83c-547e3152d45c', 'f1341dff-415a-4e17-8262-5549273d6b1d', 'Cera líquida à base de resinas especiais para proteger, renovar e restaurar a cor original do veículo.', 'A Cera Líquida Autoshine é um produto à base de resinas especiais desenvolvido para proteger, renovar e restaurar a cor original do veículo. Fácil aplicação e brilho duradouro.', '{"Tipo": "Cera Líquida", "Marca": "Autoshine", "Volume": "500ml"}'::jsonb, NULL, NULL, 'https://images.tcdn.com.br/img/img_prod/1152560/cera_liquida_autoshine_500ml_307_1_1d5da93c435f777cdd38a6c7030244db.jpg', '{}'::text[], 4, 1, false, false, '{}'::text[], '2026-07-12T00:05:35.180408+00:00', 'published', NULL, '2026-07-12T01:40:53.21361+00:00', NULL, NULL);
INSERT INTO public.products (id, name, slug, brand_id, category_id, short_description, description, specifications, usability, tips, image_url, gallery_images, rating, review_count, is_featured, is_new, tags, created_at, status, publish_at, published_at, parent_product_id, variant_label) VALUES ('ac80fe28-423e-497a-8121-afe2d5af4dae', 'Cherry Wax Cera 4 em 1 Zacs 200ml', 'cherry-wax-cera-4-em-1-zacs-200ml', 'dfbfa922-6f13-408a-b5ab-fa62e54f92b1', 'f1341dff-415a-4e17-8262-5549273d6b1d', NULL, NULL, '{}'::text[], NULL, NULL, 'https://images.tcdn.com.br/img/img_prod/1152560/cherry_wax_cera_4_em_1_zacs_200ml_1_20260411130528_b30626a5d835.jpg', '{}'::text[], 0, 0, false, false, '{}'::text[], '2026-07-12T01:20:45.498797+00:00', 'published', NULL, '2026-07-12T16:23:51.432373+00:00', NULL, '200ml');
INSERT INTO public.products (id, name, slug, brand_id, category_id, short_description, description, specifications, usability, tips, image_url, gallery_images, rating, review_count, is_featured, is_new, tags, created_at, status, publish_at, published_at, parent_product_id, variant_label) VALUES ('55da8e01-ea70-4909-9204-9e71fd7eea70', 'Cherry Wax Cera 4 em 1 Zacs 500ml', 'cherry-wax-cera-4-em-1-zacs-500ml', 'dfbfa922-6f13-408a-b5ab-fa62e54f92b1', 'f1341dff-415a-4e17-8262-5549273d6b1d', NULL, NULL, '{}'::text[], NULL, NULL, 'https://images.tcdn.com.br/img/img_prod/1152560/cherry_wax_cera_4_em_1_zacs_500ml_1_20250830171020_416625f42570.jpg', '{}'::text[], 0, 0, false, false, '{}'::text[], '2026-07-12T01:22:15.399507+00:00', 'published', NULL, '2026-07-12T16:23:51.432373+00:00', 'ac80fe28-423e-497a-8121-afe2d5af4dae', '500ml');
INSERT INTO public.products (id, name, slug, brand_id, category_id, short_description, description, specifications, usability, tips, image_url, gallery_images, rating, review_count, is_featured, is_new, tags, created_at, status, publish_at, published_at, parent_product_id, variant_label) VALUES ('b31d52ff-cfe1-43cc-9173-bab2d3ec6625', 'Citrus Shampoo Automotivo Evox 500ml', 'citrus-shampoo-evox-500ml', 'd78b1eae-ba8a-4bc9-b51a-9e17174a6cda', '330f3e55-c35d-411b-afff-3d2184e0f3b9', 'Shampoo de alto rendimento com pH neutro que limpa, mantém e renova o brilho sem remover ceras ou selantes.', 'CITRUS é um produto de alto rendimento com pH neutro que limpa, mantém e renova o brilho da pintura sem remover ceras ou selantes da superfície. Diluição de até 1:400, oferece excelente rendimento e lubrificação para lavagem segura.', '{"pH": "Neutro", "Marca": "Evox", "Volume": "500ml", "Diluição": "Até 1:400"}'::jsonb, NULL, NULL, 'https://images.tcdn.com.br/img/img_prod/1152560/citrus_shampoo_automotivo_evox_500ml_diluicao_ate_1_400_1355_1_7bbb5ab422662177f768c4cb5799eaa8.jpg', '{}'::text[], 4, 2, false, false, '{}'::text[], '2026-07-12T00:05:02.697657+00:00', 'published', NULL, '2026-07-12T01:48:35.23035+00:00', NULL, NULL);
INSERT INTO public.products (id, name, slug, brand_id, category_id, short_description, description, specifications, usability, tips, image_url, gallery_images, rating, review_count, is_featured, is_new, tags, created_at, status, publish_at, published_at, parent_product_id, variant_label) VALUES ('31524f93-157d-462a-a06b-393e7db19da0', 'CMX Ceramic Wash & Coat Shampoo com Cera Mothers 1,4L', 'cmx-ceramic-wash-coat-mothers-14l', '9d92839d-dd51-4e10-9ee8-8e298075970d', '330f3e55-c35d-411b-afff-3d2184e0f3b9', 'Shampoo com cera cerâmica que lubrifica, dissolve sujeira e neutraliza minerais causadores de manchas.', 'Esta fórmula de alta eficiência lubrifica e dissolve a sujeira. Suspende os contaminantes opacos, enquanto neutraliza os minerais que causam manchas de água. CMX Ceramic Wash & Coat é um shampoo com tecnologia cerâmica que protege e mantém o brilho da pintura.', '{"Tipo": "Shampoo com Cera", "Marca": "Mothers", "Volume": "1,4 Litros", "Tecnologia": "Cerâmica"}'::jsonb, NULL, NULL, 'https://images.tcdn.com.br/img/img_prod/1152560/cmx_ceramic_wash_coat_shampoo_com_cera_mothers_1_4_l_1455_1_c36288fb6d6dff48169e6523de8c5686.jpg', '{}'::text[], 4.5, 2, false, true, '{}'::text[], '2026-07-12T00:05:02.697657+00:00', 'published', NULL, '2026-07-12T01:48:35.23035+00:00', NULL, NULL);
INSERT INTO public.products (id, name, slug, brand_id, category_id, short_description, description, specifications, usability, tips, image_url, gallery_images, rating, review_count, is_featured, is_new, tags, created_at, status, publish_at, published_at, parent_product_id, variant_label) VALUES ('2fe6e005-a674-4344-a4f8-34564516caed', 'Composto Polidor Lincoln 500g', 'composto-polidor-lincoln-500g', '791f9478-d15a-4863-966b-90777fa6bfb0', 'f13b7270-b3c6-449b-b1d0-78394cafbd51', 'Composto polidor multiuso à base de água, sem cera e sem silicone. Médio poder de corte e ótimo acabamento.', 'Produto à base de água, desenvolvido sem cera e sem silicone. O COMPOSTO POLIDOR é um MULTIUSO no Polimento Técnico, eficaz na remoção de marcas de lixamento leve e pequenos arranhões sobre tinta ou verniz. Possui médio poder de corte, ótimo acabamento e alto rendimento. Não mancha borrachas ou partes plásticas, não gruda na superfície durante o polimento. Os resíduos são removidos facilmente com água ou pano úmido.', '{"Base": "À base de água", "Peso": "500g", "Tipo": "Composto Polidor", "Corte": "Médio", "Marca": "Lincoln", "Sem Silicone": "Sim"}'::jsonb, NULL, NULL, 'https://images.tcdn.com.br/img/img_prod/1152560/composto_polidor_lincoln_500g_295_1_ece76e4e4698bbd9351463ab4b24ff66.jpg', '{}'::text[], 4.5, 3, true, false, '{}'::text[], '2026-07-12T00:06:02.620504+00:00', 'published', NULL, '2026-07-12T01:40:53.21361+00:00', NULL, NULL);
INSERT INTO public.products (id, name, slug, brand_id, category_id, short_description, description, specifications, usability, tips, image_url, gallery_images, rating, review_count, is_featured, is_new, tags, created_at, status, publish_at, published_at, parent_product_id, variant_label) VALUES ('9fcc0f19-8717-43c3-a8f6-90afb8eb2159', 'Composto Polidor Risco Zero Corte Cadillac 500g', 'composto-polidor-risco-zero-corte-cadillac-500g', '89fcb84c-3878-4df6-b40a-091b42980372', 'f13b7270-b3c6-449b-b1d0-78394cafbd51', 'Composto polidor de corte extremamente eficiente com altíssimo nível de lubrificação.', 'O Composto Polidor Risco Zero CORTE Cadillac tem seu poder de corte extremamente eficiente, aliado ao seu altíssimo nível de lubrificação. Desenvolvido para a etapa de corte, remove defeitos severos da pintura com excelente desempenho.', '{"Peso": "500g", "Tipo": "Composto Polidor", "Etapa": "Corte", "Marca": "Cadillac"}'::jsonb, NULL, NULL, 'https://images.tcdn.com.br/img/img_prod/1152560/composto_polidor_risco_zero_etapa_de_corte_cadillac_500g_1587_1_95b673e7fc5b4c1e72eb4918cbc5e71b.jpg', '{}'::text[], 4.5, 2, false, false, '{}'::text[], '2026-07-12T00:06:02.620504+00:00', 'published', NULL, '2026-07-12T01:40:53.21361+00:00', NULL, NULL);
INSERT INTO public.products (id, name, slug, brand_id, category_id, short_description, description, specifications, usability, tips, image_url, gallery_images, rating, review_count, is_featured, is_new, tags, created_at, status, publish_at, published_at, parent_product_id, variant_label) VALUES ('6cf45522-726d-4377-b11f-f1d0db21a77d', 'Composto Polidor Risco Zero Refino Cadillac 500g', 'composto-polidor-risco-zero-refino-cadillac-500g', '89fcb84c-3878-4df6-b40a-091b42980372', 'f13b7270-b3c6-449b-b1d0-78394cafbd51', 'Composto polidor de refino com moderado poder de corte e alto acabamento.', 'Composto Polidor de Refino Risco Zero possui formulação que concilia moderado poder de corte e alto acabamento, e já prepara a peça para a etapa de lustro. Excelente para finalização de polimento técnico.', '{"Peso": "500g", "Tipo": "Composto Polidor", "Etapa": "Refino", "Marca": "Cadillac"}'::jsonb, NULL, NULL, 'https://images.tcdn.com.br/img/img_prod/1152560/composto_polidor_risco_zero_refino_cadillac_500g_4471_1_443f4bf178e20cfdcefa4edc7472b48c.jpg', '{}'::text[], 4.5, 1, false, false, '{}'::text[], '2026-07-12T00:06:02.620504+00:00', 'published', NULL, '2026-07-12T01:40:53.21361+00:00', NULL, NULL);
INSERT INTO public.products (id, name, slug, brand_id, category_id, short_description, description, specifications, usability, tips, image_url, gallery_images, rating, review_count, is_featured, is_new, tags, created_at, status, publish_at, published_at, parent_product_id, variant_label) VALUES ('5a5eba12-3e7a-43d7-b046-8471075a71b7', 'Couro QD Quick Detail 2 em 1 EasyTech 500ml', 'couro-qd-easytech-500ml', '16ed7769-be17-4581-8fbd-90a4d5d6499b', 'fc57ced6-8e7f-449e-860d-6fd7fcab1081', 'Limpa e hidrata couro em uma única etapa. Seguro para couro natural ou sintético.', 'Couro QD limpa e hidrata couro em uma única etapa. Desenvolvido para uso rápido, promove limpeza segura sem riscos de remoção de pigmentos do couro por uso de produtos agressivos, ao mesmo tempo que garante a hidratação do material. Contém óleos hidratantes de baixo peso molecular. Aplicação em couro natural, couro sintético e plásticos.', '{"Tipo": "Limpa e Hidrata Couro", "Marca": "EasyTech", "Volume": "500ml", "Aplicação": "Couro natural, sintético e plásticos"}'::jsonb, NULL, NULL, 'https://images.tcdn.com.br/img/img_prod/1152560/couro_qd_quick_detail_2_em_1_limpa_e_hidrata_easytech_500ml_1139_1_a6831e1a70777a792a124f8fae32bfb5.jpg', '{}'::text[], 5, 3, true, false, '{}'::text[], '2026-07-12T00:06:29.260292+00:00', 'published', NULL, '2026-07-12T01:40:53.21361+00:00', NULL, NULL);
INSERT INTO public.products (id, name, slug, brand_id, category_id, short_description, description, specifications, usability, tips, image_url, gallery_images, rating, review_count, is_featured, is_new, tags, created_at, status, publish_at, published_at, parent_product_id, variant_label) VALUES ('82bfbdeb-a6ad-4560-a41b-e53b2ef3f6fa', 'Descole Removedor de Cola e Piche Cadillac 1 5 L', 'descole-removedor-de-cola-e-piche-cadillac-1-5-l', '89fcb84c-3878-4df6-b40a-091b42980372', 'fc57ced6-8e7f-449e-860d-6fd7fcab1081', NULL, NULL, '{}'::text[], NULL, NULL, 'https://images.tcdn.com.br/img/img_prod/1152560/descole_removedor_de_cola_e_piche_cadillac_15_l_1_20260311151556_23acef455416.jpg', '{}'::text[], 0, 0, false, false, '{}'::text[], '2026-07-12T01:21:39.288505+00:00', 'published', NULL, '2026-07-12T16:23:51.432373+00:00', '03f7aaa5-c9ca-4514-8ca1-823144b3cad8', '1,5L');
INSERT INTO public.products (id, name, slug, brand_id, category_id, short_description, description, specifications, usability, tips, image_url, gallery_images, rating, review_count, is_featured, is_new, tags, created_at, status, publish_at, published_at, parent_product_id, variant_label) VALUES ('03f7aaa5-c9ca-4514-8ca1-823144b3cad8', 'Descole Removedor de Cola e Piche Cadillac 500ml', 'descole-removedor-de-cola-e-piche-cadillac-500ml', '89fcb84c-3878-4df6-b40a-091b42980372', 'fc57ced6-8e7f-449e-860d-6fd7fcab1081', NULL, NULL, '{}'::text[], NULL, NULL, 'https://images.tcdn.com.br/img/img_prod/1152560/descole_removedor_de_cola_e_piche_cadillac_500ml_1_20250908153404_8a14b1bee710.jpg', '{}'::text[], 0, 0, false, false, '{}'::text[], '2026-07-12T01:21:39.288505+00:00', 'published', NULL, '2026-07-12T16:23:51.432373+00:00', NULL, '500ml');
INSERT INTO public.products (id, name, slug, brand_id, category_id, short_description, description, specifications, usability, tips, image_url, gallery_images, rating, review_count, is_featured, is_new, tags, created_at, status, publish_at, published_at, parent_product_id, variant_label) VALUES ('20c29ace-e64b-441a-93b2-7921bef5795a', 'Ecoblack Finalizador para Caixas de Rodas Vintex 1,5L', 'ecoblack-vintex-15l', 'd4f656fc-78dd-4f8e-a792-0e64df4b49ab', 'f1341dff-415a-4e17-8262-5549273d6b1d', 'Finalizador para caixas de rodas que promove limpeza eficaz, proteção contra sujeira e brilho prolongado.', 'Finalizador Ecoblack para caixas de rodas, promove limpeza eficaz, proteção contra sujeira e brilho prolongado, garantindo acabamento profissional. Produto concentrado para uso em caixas de rodas e partes internas das rodas.', '{"Tipo": "Finalizador para Caixas de Rodas", "Marca": "Vintex", "Volume": "1,5 Litros"}'::jsonb, NULL, NULL, 'https://images.tcdn.com.br/img/img_prod/1152560/ecoblack_finalizador_para_caixas_de_rodas_vint_1_20251009235941_9766e586fdd9.jpg', '{}'::text[], 4, 1, false, true, '{}'::text[], '2026-07-12T00:06:58.200838+00:00', 'published', NULL, '2026-07-12T01:40:53.21361+00:00', NULL, NULL);
INSERT INTO public.products (id, name, slug, brand_id, category_id, short_description, description, specifications, usability, tips, image_url, gallery_images, rating, review_count, is_featured, is_new, tags, created_at, status, publish_at, published_at, parent_product_id, variant_label) VALUES ('ccdfbe5e-1ea2-46a7-a1df-80ee96a49b79', 'Extreme Tire Gel Autoamerica 473ml', 'extreme-tire-gel-autoamerica-473ml', '2b39cb65-a982-40a6-a5e2-89b41a74bceb', 'f1341dff-415a-4e17-8262-5549273d6b1d', NULL, NULL, '{}'::text[], NULL, NULL, 'https://images.tcdn.com.br/img/img_prod/1152560/extreme_tire_gel_gel_para_pneus_autoamerica_50_1_20251103225207_08fe942b6a87.jpg', '{}'::text[], 0, 0, false, false, '{}'::text[], '2026-07-12T01:22:15.399507+00:00', 'published', NULL, '2026-07-12T16:23:51.432373+00:00', NULL, NULL);
INSERT INTO public.products (id, name, slug, brand_id, category_id, short_description, description, specifications, usability, tips, image_url, gallery_images, rating, review_count, is_featured, is_new, tags, created_at, status, publish_at, published_at, parent_product_id, variant_label) VALUES ('299936d1-63a8-46c3-bbe0-c694fd4afbf6', 'Final Finish FF 3000 Lustrador Menzerna 250ml', 'final-finish-ff-3000-menzerna-250ml', '78b7fed4-2a85-4bfd-8668-9aa21a97d076', 'f13b7270-b3c6-449b-b1d0-78394cafbd51', 'Lustrador que elimina marcas de polimento e marcas de lixa 3000, garantindo acabamento espelhado.', 'FF 3000 elimina marcas de polimento bem como marcas de lixa 3000 e garante um acabamento espelhado perfeito. Indicado para a etapa de finalização, proporciona alto brilho e gloss. Aplicação manual ou com politriz.', '{"Tipo": "Lustrador", "Etapa": "Finalização", "Marca": "Menzerna", "Origem": "Alemanha", "Volume": "250ml"}'::jsonb, NULL, NULL, 'https://images.tcdn.com.br/img/img_prod/1152560/final_finish_ff_3000_lustrador_menzerna_250ml_897_1_afa81b407a8ff9dc531d53665d733ea3.jpg', '{}'::text[], 5, 2, false, false, '{}'::text[], '2026-07-12T00:06:02.620504+00:00', 'published', NULL, '2026-07-12T01:40:53.21361+00:00', NULL, NULL);
INSERT INTO public.products (id, name, slug, brand_id, category_id, short_description, description, specifications, usability, tips, image_url, gallery_images, rating, review_count, is_featured, is_new, tags, created_at, status, publish_at, published_at, parent_product_id, variant_label) VALUES ('1d7182dd-e7d3-43f0-ae76-ab0cb71c5f93', 'Finisherfresh Summer Odorizador para Tecidos Spartan 5 Litros Diluicao ate 1 10', 'finisherfresh-summer-odorizador-para-tecidos-spartan-5-litros-diluicao-ate-110', '34cab4ed-f039-48d0-a0df-66add255088c', '8ef857d3-fd72-4595-8339-a4f25e83dab7', NULL, NULL, '{}'::text[], NULL, NULL, 'https://images.tcdn.com.br/img/img_prod/1152560/finisherfresh_summer_odorizador_para_tecidos_spart_1_20251103152859_0e8df761eb7a.jpg', '{}'::text[], 0, 0, false, false, '{}'::text[], '2026-07-12T01:20:45.498797+00:00', 'published', NULL, '2026-07-12T16:23:51.432373+00:00', NULL, NULL);
INSERT INTO public.products (id, name, slug, brand_id, category_id, short_description, description, specifications, usability, tips, image_url, gallery_images, rating, review_count, is_featured, is_new, tags, created_at, status, publish_at, published_at, parent_product_id, variant_label) VALUES ('b782bb9d-89e7-4644-baa7-02aecb9fb771', 'Foam Gloss Lava Auto Magil Clean 1 Litro Diluicao ate 1200', 'foam-gloss-lava-auto-magil-clean-1-litro-diluicao-ate-1200', 'c747af13-8743-4dc5-acf2-c6835c4d82a6', '330f3e55-c35d-411b-afff-3d2184e0f3b9', NULL, NULL, '{}'::text[], NULL, NULL, 'https://images.tcdn.com.br/img/img_prod/1152560/foam_gloss_lava_auto_magil_clean_1_litro_diluio_at_1_20251126164144_da8166ff5cff.jpg', '{}'::text[], 0, 0, false, false, '{}'::text[], '2026-07-12T01:22:50.577752+00:00', 'published', NULL, '2026-07-12T16:23:51.432373+00:00', NULL, '1 Litro');
INSERT INTO public.products (id, name, slug, brand_id, category_id, short_description, description, specifications, usability, tips, image_url, gallery_images, rating, review_count, is_featured, is_new, tags, created_at, status, publish_at, published_at, parent_product_id, variant_label) VALUES ('9eafd76f-0a3d-4c70-8e0e-6b6587306568', 'Foam Gloss Lava Auto Magil Clean 3 Litros Diluicao ate 1200', 'foam-gloss-lava-auto-magil-clean-3-litros-diluicao-ate-1200', 'c747af13-8743-4dc5-acf2-c6835c4d82a6', '330f3e55-c35d-411b-afff-3d2184e0f3b9', NULL, NULL, '{}'::text[], NULL, NULL, 'https://images.tcdn.com.br/img/img_prod/1152560/foam_gloss_lava_auto_magil_clean_3_litros_diluio_a_1_20251125170213_63827ac4eb14.jpg', '{}'::text[], 0, 0, false, false, '{}'::text[], '2026-07-12T01:22:50.577752+00:00', 'published', NULL, '2026-07-12T16:23:51.432373+00:00', 'b782bb9d-89e7-4644-baa7-02aecb9fb771', '3 Litros');
INSERT INTO public.products (id, name, slug, brand_id, category_id, short_description, description, specifications, usability, tips, image_url, gallery_images, rating, review_count, is_featured, is_new, tags, created_at, status, publish_at, published_at, parent_product_id, variant_label) VALUES ('0682376b-8883-45bc-8f08-42940aa36471', 'Glaco 45km/h Cristalizador de Vidros Soft99 75ml', 'glaco-45kmh-soft99-75ml', 'e992f177-70fb-4f9e-8188-455de352d018', '70c01ac7-0184-4d49-9e17-8887cfd4cf7c', 'Cristalizador de vidros que repelir a água. Em deslocamentos acima de 45km/h dispensa o limpador.', 'GLACO é um cristalizador de vidros desenvolvido para repelir a água que se acumula sobre para-brisas automotivos em dias chuvosos. A tecnologia contida nos produtos da linha Glaco garantem a formação de uma película protetora nos vidros que impede que as gotas de chuva "grudem" na superfície. Em deslocamentos acima de 45km/h o efeito do Glaco se mostra eficiente, proporcionando ótima visibilidade. Protege o vidro contra agentes externos como fezes de pássaros, poluição e óleos. Rendimento: até 18 para-brisas. Durabilidade: até 2 meses.', '{"Tipo": "Cristalizador de Vidros", "Marca": "Soft99", "Origem": "Japão", "Volume": "75ml", "Rendimento": "Até 18 para-brisas", "Repelência": "Nível 9", "Durabilidade": "Até 2 meses"}'::jsonb, NULL, NULL, 'https://images.tcdn.com.br/img/img_prod/1152560/glaco_45km_h_cristalizador_de_vidros_repelente_de_chuva_soft99_04132_75ml_211_1_c60e62047d943b1eb1798e4e6b2c757f.jpg', '{}'::text[], 5, 4, true, false, '{}'::text[], '2026-07-12T00:06:58.200838+00:00', 'published', NULL, '2026-07-12T01:40:53.21361+00:00', NULL, NULL);
INSERT INTO public.products (id, name, slug, brand_id, category_id, short_description, description, specifications, usability, tips, image_url, gallery_images, rating, review_count, is_featured, is_new, tags, created_at, status, publish_at, published_at, parent_product_id, variant_label) VALUES ('e4165102-b059-4dfc-b728-251b0402b9c9', 'Glaco Big Roll On Repelente de Água Soft99 120ml', 'glaco-big-roll-on-soft99-120ml', 'e992f177-70fb-4f9e-8188-455de352d018', '70c01ac7-0184-4d49-9e17-8887cfd4cf7c', 'Cristalizador de vidros em formato roll-on para aplicação prática. Repelir a água da chuva.', 'BIG GLACO é um cristalizador de vidros desenvolvido para repelir a água que se acumula sobre para-brisas automotivos em dias chuvosos. Formato roll-on para aplicação prática e uniforme. Tecnologia de longa durabilidade.', '{"Tipo": "Cristalizador de Vidros", "Marca": "Soft99", "Origem": "Japão", "Volume": "120ml", "Aplicação": "Roll-on"}'::jsonb, NULL, NULL, 'https://images.tcdn.com.br/img/img_prod/1152560/glaco_big_roll_on_cristalizador_de_vidros_e_repele_1_20260205163952_dc52fcf7e1b7.jpg', '{}'::text[], 5, 2, false, false, '{}'::text[], '2026-07-12T00:06:58.200838+00:00', 'published', NULL, '2026-07-12T01:40:53.21361+00:00', NULL, NULL);
INSERT INTO public.products (id, name, slug, brand_id, category_id, short_description, description, specifications, usability, tips, image_url, gallery_images, rating, review_count, is_featured, is_new, tags, created_at, status, publish_at, published_at, parent_product_id, variant_label) VALUES ('ec038c72-1ccb-4bf2-8c32-fbfd6d3c410e', 'Glaco Washer Soft99 200ml', 'glaco-washer-soft99-200ml', 'e992f177-70fb-4f9e-8188-455de352d018', '70c01ac7-0184-4d49-9e17-8887cfd4cf7c', 'Aditivo limpante e repelente para o reservatório do esguicho. Limpa e cristaliza os vidros.', 'Aditivo para limpeza e repelência de vidros automotivos. Ao ser adicionado ao reservatório de água, cria uma membrana protetora que limpa e cristaliza os vidros. Mantém o efeito repelente da linha Glaco com praticidade.', '{"Tipo": "Aditivo Limpante e Repelente", "Marca": "Soft99", "Origem": "Japão", "Volume": "200ml"}'::jsonb, NULL, NULL, 'https://images.tcdn.com.br/img/img_prod/1152560/glaco_washer_aditivo_limpante_repelente_de_gua_de_1_20260205163324_7f1494d9dc56.jpg', '{}'::text[], 4.5, 1, false, false, '{}'::text[], '2026-07-12T00:06:58.200838+00:00', 'published', NULL, '2026-07-12T01:40:53.21361+00:00', NULL, NULL);
INSERT INTO public.products (id, name, slug, brand_id, category_id, short_description, description, specifications, usability, tips, image_url, gallery_images, rating, review_count, is_featured, is_new, tags, created_at, status, publish_at, published_at, parent_product_id, variant_label) VALUES ('59747552-964f-4667-bfb4-e0742e8a0746', 'Glass Shield Repelente de Chuva Autoshine 60ml', 'glass-shield-autoshine-60ml', 'ea720c10-751e-4e7a-a83c-547e3152d45c', '70c01ac7-0184-4d49-9e17-8887cfd4cf7c', 'Cristalizador de vidros que deixa película repelente, cristalina e protetora sobre o vidro.', 'O Cristalizador de Vidros Glass Shield da Autoshine deixa uma película repelente, cristalina e protetora sobre o vidro do automóvel. Repelir a água da chuva, melhorando a visibilidade e segurança ao dirigir.', '{"Tipo": "Cristalizador de Vidros", "Marca": "Autoshine", "Volume": "60ml"}'::jsonb, NULL, NULL, 'https://images.tcdn.com.br/img/img_prod/1152560/glass_shield_limpa_vidros_repelente_de_chuva_autoshine_60ml_1155_1_4ba6e0bbbedb7d329bf578a16c60e041.jpg', '{}'::text[], 4, 1, false, false, '{}'::text[], '2026-07-12T00:06:58.200838+00:00', 'published', NULL, '2026-07-12T01:40:53.21361+00:00', NULL, NULL);
INSERT INTO public.products (id, name, slug, brand_id, category_id, short_description, description, specifications, usability, tips, image_url, gallery_images, rating, review_count, is_featured, is_new, tags, created_at, status, publish_at, published_at, parent_product_id, variant_label) VALUES ('0ac33b65-fb7d-4c82-a550-b9c1193990e8', 'Glazy Anti Fog Limpa Vidros com Acao Antiembacante Vonixx 500ml', 'glazy-anti-fog-limpa-vidros-com-acao-antiembacante-vonixx-500ml', '2521bc20-0c66-4bea-91fa-83cef52db28b', '70c01ac7-0184-4d49-9e17-8887cfd4cf7c', NULL, NULL, '{}'::text[], NULL, NULL, 'https://images.tcdn.com.br/img/img_prod/1152560/glazy_anti_fog_limpa_vidros_com_ao_antiembaante_vo_1_20260223195607_8e19e3d6becb.jpg', '{}'::text[], 0, 0, false, false, '{}'::text[], '2026-07-12T01:22:50.577752+00:00', 'published', NULL, '2026-07-12T16:23:51.432373+00:00', NULL, NULL);
INSERT INTO public.products (id, name, slug, brand_id, category_id, short_description, description, specifications, usability, tips, image_url, gallery_images, rating, review_count, is_featured, is_new, tags, created_at, status, publish_at, published_at, parent_product_id, variant_label) VALUES ('0e525331-2927-4fb8-a1fa-fade37d06f2b', 'Grafeno Coat Vitrificador 9H Alcance 30ml', 'grafeno-coat-alcance-30ml', '8b51b80f-04d1-4897-96af-1b0fe342fbf7', 'f1341dff-415a-4e17-8262-5549273d6b1d', 'Vitrificador de grafeno 9H. Aumenta até 80% o brilho e melhora 500% a sensação ao toque.', 'Vitrificador de grafeno com tecnologia 9H. Aumenta em até 80% a intensidade de brilho e o reflexo. Melhora em até 500% a sensação ao toque. Até 7x mais proteção contra fezes de aves. Maior nível de proteção, maior intensidade de brilho e profundidade de cor.', '{"Tipo": "Vitrificador de Grafeno", "Marca": "Alcance", "Dureza": "9H", "Volume": "30ml"}'::jsonb, NULL, NULL, 'https://images.tcdn.com.br/img/img_prod/1152560/grafeno_coat_vitrificador_9h_alcance_30ml_1963_1_5d04802ff91d0a3bdbca2f5934255088.jpg', '{}'::text[], 5, 2, true, true, '{}'::text[], '2026-07-12T00:05:35.180408+00:00', 'published', NULL, '2026-07-12T01:40:53.21361+00:00', NULL, NULL);
INSERT INTO public.products (id, name, slug, brand_id, category_id, short_description, description, specifications, usability, tips, image_url, gallery_images, rating, review_count, is_featured, is_new, tags, created_at, status, publish_at, published_at, parent_product_id, variant_label) VALUES ('c30ef233-c253-46f5-aa17-d7c7c9aafb19', 'Hidrata Couro Finisher 160g', 'hidrata-couro-finisher-160g', 'ea720c10-751e-4e7a-a83c-547e3152d45c', 'fc57ced6-8e7f-449e-860d-6fd7fcab1081', 'Hidratante que revela a cor original, aumenta a maciez e previne rachaduras no couro automotivo.', 'Hidrata Couro Finisher revela a cor original, aumenta a maciez e previne rachaduras no couro automotivo. Produto ideal para conservar bancos e acessórios de couro, mantendo a aparência e flexibilidade do material.', '{"Peso": "160g", "Tipo": "Hidratante de Couro", "Marca": "Autoshine"}'::jsonb, NULL, NULL, 'https://images.tcdn.com.br/img/img_prod/1152560/hidrata_couro_finisher_150g_547_1_244be2d31789225ee65c5caac4688752.jpg', '{}'::text[], 4, 1, false, false, '{}'::text[], '2026-07-12T00:06:29.260292+00:00', 'published', NULL, '2026-07-12T01:40:53.21361+00:00', NULL, NULL);
INSERT INTO public.products (id, name, slug, brand_id, category_id, short_description, description, specifications, usability, tips, image_url, gallery_images, rating, review_count, is_featured, is_new, tags, created_at, status, publish_at, published_at, parent_product_id, variant_label) VALUES ('29c9c6b2-e6e1-4b03-873c-212b9b6bd362', 'Hydrox Wash Lava Auto Ceramico 2 em 1 Vonixx 240ml Diluicao ate 1100', 'hydrox-wash-lava-auto-ceramico-2-em-1-vonixx-240ml-diluicao-ate-1100', '2521bc20-0c66-4bea-91fa-83cef52db28b', 'f1341dff-415a-4e17-8262-5549273d6b1d', NULL, NULL, '{}'::text[], NULL, NULL, 'https://images.tcdn.com.br/img/img_prod/1152560/hydrox_wash_lava_auto_cermico_2_em_1_vonixx_240m_1_20250815111653_2c5c97750a7c.jpg', '{}'::text[], 0, 0, false, false, '{}'::text[], '2026-07-12T01:22:50.577752+00:00', 'published', NULL, '2026-07-12T16:23:51.432373+00:00', NULL, NULL);
INSERT INTO public.products (id, name, slug, brand_id, category_id, short_description, description, specifications, usability, tips, image_url, gallery_images, rating, review_count, is_featured, is_new, tags, created_at, status, publish_at, published_at, parent_product_id, variant_label) VALUES ('a6cd85c0-ac92-4264-9d99-692a85cfa083', 'Insignia Leather Nano Proteção EasyTech 30ml', 'insignia-leather-easytech-30ml', '16ed7769-be17-4581-8fbd-90a4d5d6499b', 'fc57ced6-8e7f-449e-860d-6fd7fcab1081', 'Nano proteção com hidratação para couro. Sujeiras ficam sob a camada de proteção, removidas facilmente.', 'Insignia Leather oferece nano proteção com hidratação para couro. As sujeiras que normalmente ficam incrustadas no couro ficam sob a camada de proteção, sendo facilmente removidas sem uso de produtos químicos. Proteção de longa duração.', '{"Tipo": "Nano Proteção de Couro", "Marca": "EasyTech", "Volume": "30ml"}'::jsonb, NULL, NULL, 'https://images.tcdn.com.br/img/img_prod/1152560/insignia_leather_nano_protecao_com_hidratacao_para_couro_easytech_30ml_2285_1_e399dc8700422ab464c954f8d9f88b96.jpg', '{}'::text[], 5, 1, false, true, '{}'::text[], '2026-07-12T00:06:29.260292+00:00', 'published', NULL, '2026-07-12T01:40:53.21361+00:00', NULL, NULL);
INSERT INTO public.products (id, name, slug, brand_id, category_id, short_description, description, specifications, usability, tips, image_url, gallery_images, rating, review_count, is_featured, is_new, tags, created_at, status, publish_at, published_at, parent_product_id, variant_label) VALUES ('bde3cea7-fdc4-4e99-836c-bdfc7a1d4a43', 'Insignia Rain Repelente de Chuva EasyTech 30ml', 'insignia-rain-easytech-30ml', '16ed7769-be17-4581-8fbd-90a4d5d6499b', '70c01ac7-0184-4d49-9e17-8887cfd4cf7c', 'Repelente de chuva duradouro para para-brisa. Até 1 ano de proteção e maior segurança em dias chuvosos.', 'Insignia Rain é um poderoso e duradouro Repelente de chuva, solução definitiva para quem quer dirigir com mais segurança e visibilidade em dias chuvosos. Até 1 ano de proteção. Tecnologia premium de longa duração.', '{"Tipo": "Repelente de Chuva", "Marca": "EasyTech", "Volume": "30ml", "Durabilidade": "Até 1 ano"}'::jsonb, NULL, NULL, 'https://images.tcdn.com.br/img/img_prod/1152560/insignia_rain_repelente_de_chuva_para_para_brisa_ate_1_ano_de_protecao_easytech_30ml_2291_1_95f94b35acaf656593ad6840dbb43f37.jpg', '{}'::text[], 5, 1, true, true, '{}'::text[], '2026-07-12T00:06:58.200838+00:00', 'published', NULL, '2026-07-12T01:40:53.21361+00:00', NULL, NULL);
INSERT INTO public.products (id, name, slug, brand_id, category_id, short_description, description, specifications, usability, tips, image_url, gallery_images, rating, review_count, is_featured, is_new, tags, created_at, status, publish_at, published_at, parent_product_id, variant_label) VALUES ('aece1055-9f84-46f0-871b-23685286b30e', 'Interior Cleaner Limpador Multiuso Sonax 500ml', 'interior-cleaner-sonax-500ml', 'e2b10d5e-82fd-46ee-bc1c-da5c8d8a1788', 'fc57ced6-8e7f-449e-860d-6fd7fcab1081', 'APC que limpa profundamente sem agredir as superfícies do interior do veículo.', 'Interior Cleaner Limpador Multiuso Sonax é um APC que limpa profundamente sem agredir as superfícies do interior do veículo, mesmo sujeiras como graxa, óleo e manchas difíceis. Ideal para painéis, bancos, portas e demais superfícies internas.', '{"Tipo": "APC Limpador Multiuso", "Marca": "Sonax", "Origem": "Alemanha", "Volume": "500ml"}'::jsonb, NULL, NULL, 'https://images.tcdn.com.br/img/img_prod/1152560/refil_interior_cleaner_limpador_multiuso_sonax_500ml_55_1_c8189fb00a4f53bef8c07c004f612c92.jpg', '{}'::text[], 4, 1, false, false, '{}'::text[], '2026-07-12T00:06:29.260292+00:00', 'published', NULL, '2026-07-12T01:41:14.20673+00:00', NULL, NULL);
INSERT INTO public.products (id, name, slug, brand_id, category_id, short_description, description, specifications, usability, tips, image_url, gallery_images, rating, review_count, is_featured, is_new, tags, created_at, status, publish_at, published_at, parent_product_id, variant_label) VALUES ('63196c18-5b3f-4fdb-a045-343b597dc3e5', 'Lava Auto Neutro Cremoso Magil Clean 5 Litros Diluicao ate 150', 'lava-auto-neutro-cremoso-magil-clean-5-litros-diluicao-ate-150', 'c747af13-8743-4dc5-acf2-c6835c4d82a6', '330f3e55-c35d-411b-afff-3d2184e0f3b9', NULL, NULL, '{}'::text[], NULL, NULL, 'https://images.tcdn.com.br/img/img_prod/1152560/lava_auto_neutro_cremoso_magil_clean_5_litros_dilu_1_20251103195558_30d84ce60666.jpg', '{}'::text[], 0, 0, false, false, '{}'::text[], '2026-07-12T01:22:50.577752+00:00', 'published', NULL, '2026-07-12T16:23:51.432373+00:00', NULL, NULL);
INSERT INTO public.products (id, name, slug, brand_id, category_id, short_description, description, specifications, usability, tips, image_url, gallery_images, rating, review_count, is_featured, is_new, tags, created_at, status, publish_at, published_at, parent_product_id, variant_label) VALUES ('bb48b6a8-41b6-4259-94bc-0357cb0e8147', 'Lava Auto Ultra Concentrado Snow Wash Protelim Diluicao ate 1400', 'lava-auto-ultra-concentrado-snow-wash-protelim-diluicao-ate-1400', '8da721ad-aaec-4015-80e0-fe8efc9d894f', '330f3e55-c35d-411b-afff-3d2184e0f3b9', NULL, NULL, '{}'::text[], NULL, NULL, 'https://images.tcdn.com.br/img/img_prod/1152560/lava_auto_ultra_concentrado_snow_wash_protelim_dil_1_20260524212454_38515b917bfb.jpg', '{}'::text[], 0, 0, false, false, '{}'::text[], '2026-07-12T01:22:50.577752+00:00', 'published', NULL, '2026-07-12T16:23:51.432373+00:00', NULL, NULL);
INSERT INTO public.products (id, name, slug, brand_id, category_id, short_description, description, specifications, usability, tips, image_url, gallery_images, rating, review_count, is_featured, is_new, tags, created_at, status, publish_at, published_at, parent_product_id, variant_label) VALUES ('49302d06-cb5c-4ba2-8593-1a83ce84856b', 'Lava Autos Shampoo Automotivo Vintex 500ml', 'lava-autos-vintex-500ml', 'd4f656fc-78dd-4f8e-a792-0e64df4b49ab', '330f3e55-c35d-411b-afff-3d2184e0f3b9', 'Shampoo automotivo com pH neutro e alta concentração. Diluição 1:40 para lavagem prática e eficiente.', 'Lava Autos Vintex limpa e conserva a pintura do veículo com pH neutro e alta concentração. Diluição 1:40 para lavagem prática e eficiente, removendo sujeiras sem agredir a superfície.', '{"pH": "Neutro", "Marca": "Vintex", "Volume": "500ml", "Diluição": "1:40"}'::jsonb, NULL, NULL, 'https://images.tcdn.com.br/img/img_prod/1152560/lava_autos_shampoo_automotivo_vintex_500ml_dil_1_20260225232322_a6a4542f3186.jpg', '{}'::text[], 4, 1, false, false, '{}'::text[], '2026-07-12T00:05:02.697657+00:00', 'published', NULL, '2026-07-12T01:41:14.20673+00:00', NULL, NULL);
INSERT INTO public.products (id, name, slug, brand_id, category_id, short_description, description, specifications, usability, tips, image_url, gallery_images, rating, review_count, is_featured, is_new, tags, created_at, status, publish_at, published_at, parent_product_id, variant_label) VALUES ('b0577b3e-4ed1-4f8e-8120-393c8f475868', 'LC2 Cera Líquida Toque Liso Lincoln 500ml', 'lc2-cera-liquida-lincoln-500ml', '791f9478-d15a-4863-966b-90777fa6bfb0', 'f1341dff-415a-4e17-8262-5549273d6b1d', 'Cera líquida com brilho intenso, proteção e toque sedoso. Pode ser usada na superfície ainda molhada.', 'A LC2 Cera Líquida Lincoln proporciona brilho intenso, proteção e toque sedoso e aveludado. É fácil de aplicar e pode ser usada na superfície ainda molhada. Ideal para manutenção rápida do brilho da pintura.', '{"Tipo": "Cera Líquida", "Marca": "Lincoln", "Volume": "500ml"}'::jsonb, NULL, NULL, 'https://images.tcdn.com.br/img/img_prod/1152560/lc2_cera_liquida_toque_liso_lincoln_500ml_1001_1_76e122993aa7e0bc31a25d8ca89d91ea.jpg', '{}'::text[], 4, 1, false, false, '{}'::text[], '2026-07-12T00:05:35.180408+00:00', 'published', NULL, '2026-07-12T01:41:14.20673+00:00', NULL, NULL);
INSERT INTO public.products (id, name, slug, brand_id, category_id, short_description, description, specifications, usability, tips, image_url, gallery_images, rating, review_count, is_featured, is_new, tags, created_at, status, publish_at, published_at, parent_product_id, variant_label) VALUES ('1d16b4ed-fd52-42b9-8056-192dc4e26440', 'Limpa Vidros Antiembacante Easytech 500ml', 'limpa-vidros-antiembacante-easytech-500ml', '16ed7769-be17-4581-8fbd-90a4d5d6499b', '70c01ac7-0184-4d49-9e17-8887cfd4cf7c', NULL, NULL, '{}'::text[], NULL, NULL, 'https://images.tcdn.com.br/img/img_prod/1152560/limpa_vidros_antiembaante_easytech_500ml_1_20260608231625_8945cf2f1d48.jpg', '{}'::text[], 0, 0, false, false, '{}'::text[], '2026-07-12T01:22:50.577752+00:00', 'published', NULL, '2026-07-12T16:23:51.432373+00:00', NULL, NULL);
INSERT INTO public.products (id, name, slug, brand_id, category_id, short_description, description, specifications, usability, tips, image_url, gallery_images, rating, review_count, is_featured, is_new, tags, created_at, status, publish_at, published_at, parent_product_id, variant_label) VALUES ('11892a60-9009-4174-b787-013b801d7712', 'Limpador Multiação APC Vintex 500ml', 'limpador-multiacao-apc-vintex-500ml', 'd4f656fc-78dd-4f8e-a792-0e64df4b49ab', 'fc57ced6-8e7f-449e-860d-6fd7fcab1081', 'Limpador multiação que remove sujeiras difíceis com segurança. Formulação balanceada.', 'O Limpador Multiação Vintex foi desenvolvido para remover sujeiras mais difíceis e de diversas naturezas. Remove gorduras, manchas e encardidos de bancos, tetos, painéis e laterais de porta com segurança.', '{"Tipo": "APC Limpador Multiação", "Marca": "Vintex", "Volume": "500ml", "Diluição": "1:5"}'::jsonb, NULL, NULL, 'https://images.tcdn.com.br/img/img_prod/1152560/green_apc_limpador_multiuso_autoamerica_500ml_6278_1_40172f9043392a08e12e236d7ac7e119.jpg', '{}'::text[], 4, 1, false, false, '{}'::text[], '2026-07-12T00:06:29.260292+00:00', 'published', NULL, '2026-07-12T01:19:04.090023+00:00', NULL, NULL);
INSERT INTO public.products (id, name, slug, brand_id, category_id, short_description, description, specifications, usability, tips, image_url, gallery_images, rating, review_count, is_featured, is_new, tags, created_at, status, publish_at, published_at, parent_product_id, variant_label) VALUES ('431c72bf-fb85-4af5-bbe8-8e09b23c2b82', 'Little Trees Odorizador Strength', 'little-trees-strength', '6d378b3b-2d45-4344-bd11-8b115760f614', '8ef857d3-fd72-4595-8339-a4f25e83dab7', 'Aromatizante icônico com aroma único de rápido efeito e longa duração.', 'Os Aromatizantes Little Trees são feitos com ingredientes cuidadosamente selecionados, proporcionando aromas únicos de rápido efeito e longa duração. Formato clássico de árvore, fácil de pendurar no retrovisor.', '{"Tipo": "Odorizador de Ambiente", "Marca": "Little Trees", "Formato": "Árvore"}'::jsonb, NULL, NULL, 'https://images.tcdn.com.br/img/img_prod/1152560/little_trees_vanilla_pride_aroma_baunilha_ideal_para_carros_e_ambientes_1_unidade_4157_1_2f7b4ecb7b17414c174f7883c599be0a.jpg', '{}'::text[], 4, 1, false, false, '{}'::text[], '2026-07-12T00:07:20.369681+00:00', 'published', NULL, '2026-07-12T01:41:14.20673+00:00', NULL, NULL);
INSERT INTO public.products (id, name, slug, brand_id, category_id, short_description, description, specifications, usability, tips, image_url, gallery_images, rating, review_count, is_featured, is_new, tags, created_at, status, publish_at, published_at, parent_product_id, variant_label) VALUES ('19e7c520-1a9e-41ab-b98d-56ff65600e42', 'LL1 APC Limpador Multiuso Concentrado Lincoln 1L', 'll1-apc-limpador-multiuso-lincoln-1l', '791f9478-d15a-4863-966b-90777fa6bfb0', 'fc57ced6-8e7f-449e-860d-6fd7fcab1081', 'Limpador multiuso de alta performance para sujeiras orgânicas e inorgânicas com mínimo esforço.', 'O APC LL1 é um limpador multiuso de alta performance, elaborado para limpar profundamente sujeiras orgânicas e inorgânicas, com o mínimo esforço e com a máxima segurança. Diluição variável conforme a intensidade da sujeira.', '{"Tipo": "APC Limpador Multiuso", "Marca": "Lincoln", "Volume": "1 Litro", "Diluição": "Variável"}'::jsonb, NULL, NULL, 'https://images.tcdn.com.br/img/img_prod/1152560/ll1_apc_limpador_multiuso_concentrado_lincoln_2_20251103231317_0f719fd13fb5.jpg', '{}'::text[], 4.5, 2, true, false, '{}'::text[], '2026-07-12T00:06:29.260292+00:00', 'published', NULL, '2026-07-12T01:41:14.20673+00:00', NULL, NULL);
INSERT INTO public.products (id, name, slug, brand_id, category_id, short_description, description, specifications, usability, tips, image_url, gallery_images, rating, review_count, is_featured, is_new, tags, created_at, status, publish_at, published_at, parent_product_id, variant_label) VALUES ('6ad73633-90dd-4dca-87b6-9f7d0bf397cb', 'LL4 IPA SOL Revelador de Holograma Lincoln 500ml', 'll4-ipa-sol-lincoln-500ml', '791f9478-d15a-4863-966b-90777fa6bfb0', 'f13b7270-b3c6-449b-b1d0-78394cafbd51', 'Formulação de álcool isopropílico para remoção de resíduos de compostos polidores.', 'LL4 IPA Sol é uma formulação de Álcool isopropílico utilizada principalmente na remoção de resíduos de compostos polidores da superfície automotiva. Revela hologramas e marcas de polimento para inspeção da pintura antes da finalização.', '{"Tipo": "Revelador de Hologramas", "Marca": "Lincoln", "Volume": "500ml", "Composição": "Álcool Isopropílico"}'::jsonb, NULL, NULL, 'https://images.tcdn.com.br/img/img_prod/1152560/ll4_ipa_sol_revelador_de_holograma_lincoln_500ml_475_1_c651012833683e4854b8aa8ca1fb4dd1.jpg', '{}'::text[], 4, 1, false, false, '{}'::text[], '2026-07-12T00:06:02.620504+00:00', 'published', NULL, '2026-07-12T01:41:14.20673+00:00', NULL, NULL);
INSERT INTO public.products (id, name, slug, brand_id, category_id, short_description, description, specifications, usability, tips, image_url, gallery_images, rating, review_count, is_featured, is_new, tags, created_at, status, publish_at, published_at, parent_product_id, variant_label) VALUES ('bcb69066-ef26-4eec-bf4d-e4b1804a22eb', 'LS1 Detail Wash Shampoo Automotivo Concentrado Lincoln 2L', 'ls1-detail-wash-lincoln-2l', '791f9478-d15a-4863-966b-90777fa6bfb0', '330f3e55-c35d-411b-afff-3d2184e0f3b9', 'Shampoo automotivo concentrado com excelente poder de limpeza e máxima segurança. Diluição 1:400.', 'O LS1 Detail Wash Lincoln associa excelente poder de limpeza com máxima segurança. Limpa sem manchar ou danificar a pintura. Associa alta lubrificação com alto poder de limpeza, removendo sujeiras sem agredir a superfície. pH neutro, indicado para superfícies pintadas, carrocerias de veículos, náuticos e aeronaves.', '{"pH": "Neutro", "Marca": "Lincoln", "Volume": "2 Litros", "Diluição": "1:400"}'::jsonb, NULL, NULL, 'https://images.tcdn.com.br/img/img_prod/1152560/ls1_detail_wash_shampoo_automotivo_concentrado_1_400_lincoln_2_litros_885_1_4d5993d68f6aa097886715cf86095e56.jpg', '{}'::text[], 5, 2, false, false, '{}'::text[], '2026-07-12T00:05:02.697657+00:00', 'published', NULL, '2026-07-12T01:41:14.20673+00:00', NULL, NULL);
INSERT INTO public.products (id, name, slug, brand_id, category_id, short_description, description, specifications, usability, tips, image_url, gallery_images, rating, review_count, is_featured, is_new, tags, created_at, status, publish_at, published_at, parent_product_id, variant_label) VALUES ('b32b64dd-a9ee-4108-90e4-4455c6d3b382', 'Magnus Removedor de Cola de Adesivos Graxa e Piche Evox 500ml', 'magnus-removedor-de-cola-de-adesivos-graxa-e-piche-evox-500ml', 'd78b1eae-ba8a-4bc9-b51a-9e17174a6cda', 'fc57ced6-8e7f-449e-860d-6fd7fcab1081', NULL, NULL, '{}'::text[], NULL, NULL, 'https://images.tcdn.com.br/img/img_prod/1152560/magnus_removedor_de_cola_de_adesivos_graxa_e_piche_1_20260326110940_3a66652d328b.jpg', '{}'::text[], 0, 0, false, false, '{}'::text[], '2026-07-12T01:21:39.288505+00:00', 'published', NULL, '2026-07-12T16:23:51.432373+00:00', NULL, NULL);
INSERT INTO public.products (id, name, slug, brand_id, category_id, short_description, description, specifications, usability, tips, image_url, gallery_images, rating, review_count, is_featured, is_new, tags, created_at, status, publish_at, published_at, parent_product_id, variant_label) VALUES ('68fae0f7-734a-455b-9681-338fed6c01f7', 'MELON COLOURS Shampoo Espuma Amarela EasyTech 500ml', 'melon-colours-amarela-easytech-500ml', '16ed7769-be17-4581-8fbd-90a4d5d6499b', '330f3e55-c35d-411b-afff-3d2184e0f3b9', 'Shampoo automotivo neutro com efeito de espuma amarela para diferenciar a lavagem do dia a dia.', 'Melon Colours é um shampoo automotivo neutro com um maravilhoso efeito de espuma Amarela, ideal para diferenciar a lavagem do dia a dia. pH neutro, seguro para todas as superfícies pintadas.', '{"pH": "Neutro", "Marca": "EasyTech", "Volume": "500ml", "Cor da Espuma": "Amarela"}'::jsonb, NULL, NULL, 'https://images.tcdn.com.br/img/img_prod/1152560/melon_colours_shampoo_automotivo_espuma_amarela_para_snow_foam_canhao_de_espuma_easytech_500ml_1887_1_fc017305df31e9785804a81d915891bd.jpeg', '{}'::text[], 4.5, 1, false, true, '{}'::text[], '2026-07-12T00:05:02.697657+00:00', 'published', NULL, '2026-07-12T01:41:14.20673+00:00', NULL, NULL);
INSERT INTO public.products (id, name, slug, brand_id, category_id, short_description, description, specifications, usability, tips, image_url, gallery_images, rating, review_count, is_featured, is_new, tags, created_at, status, publish_at, published_at, parent_product_id, variant_label) VALUES ('9ea13ec1-0b10-48b0-b337-113df7c00be6', 'Melon Shampoo Automotivo Neutro Super Concentrado Easytech 150ml Diluicao 1400', 'melon-shampoo-automotivo-neutro-super-concentrado-easytech-150ml-diluicao-1400', '16ed7769-be17-4581-8fbd-90a4d5d6499b', '330f3e55-c35d-411b-afff-3d2184e0f3b9', NULL, NULL, '{}'::text[], NULL, NULL, 'https://images.tcdn.com.br/img/img_prod/1152560/melon_shampoo_automotivo_neutro_super_concentrado_1_20250922202135_959668bd9fa6.jpg', '{}'::text[], 0, 0, false, false, '{}'::text[], '2026-07-12T01:22:50.577752+00:00', 'published', NULL, '2026-07-12T16:23:51.432373+00:00', NULL, NULL);
INSERT INTO public.products (id, name, slug, brand_id, category_id, short_description, description, specifications, usability, tips, image_url, gallery_images, rating, review_count, is_featured, is_new, tags, created_at, status, publish_at, published_at, parent_product_id, variant_label) VALUES ('8c98c8a7-1635-40d8-aa67-ea39abb0e3a2', 'MELON Shampoo Automotivo Super Concentrado EasyTech 5L', 'melon-shampoo-easytech-5l', '16ed7769-be17-4581-8fbd-90a4d5d6499b', '330f3e55-c35d-411b-afff-3d2184e0f3b9', 'O melhor shampoo automotivo já produzido no Brasil. Super concentrado com diluição 1:400.', 'O MELON é super concentrado, com alto poder de limpeza mesmo diluído em 1:400. pH neutro, promove alta lubrificação e brilho, sem remover ceras ou selantes. Ideal para uso profissional e hobista, oferece rendimento excepcional.', '{"pH": "Neutro", "Marca": "EasyTech", "Volume": "5 Litros", "Diluição": "1:400"}'::jsonb, NULL, NULL, 'https://lmcaizvlzmppfphmavbo.supabase.co/storage/v1/object/public/product-images/products/8c98c8a7-1635-40d8-aa67-ea39abb0e3a2/63ff9413-86de-4dee-ac60-161c005c84c9.jpg', '{}'::text[], 5, 5, true, false, '{}'::text[], '2026-07-12T00:05:02.697657+00:00', 'published', NULL, '2026-07-12T01:41:14.20673+00:00', NULL, NULL);
INSERT INTO public.products (id, name, slug, brand_id, category_id, short_description, description, specifications, usability, tips, image_url, gallery_images, rating, review_count, is_featured, is_new, tags, created_at, status, publish_at, published_at, parent_product_id, variant_label) VALUES ('a1524004-4ffd-4f39-946b-7be5ac5eb02e', 'Mr. Black Limpa Pneu Sandet 5L', 'mr-black-sandet-5l', '60e4659f-4ae3-4f30-9a14-187dc8c8411d', 'f1341dff-415a-4e17-8262-5549273d6b1d', 'Limpa pneu que devolve a aparência de nova às partes emborrachadas do veículo, com aspecto brilhante.', 'Limpa pneu. Indicado para devolver a aparência de nova às partes emborrachadas do veículo, dando um aspecto brilhante. Diluição: Pronto para o uso, sem diluição. Embalagem econômica de 5 litros.', '{"Tipo": "Limpa Pneu", "Marca": "Sandet", "Volume": "5 Litros", "Diluição": "Pronto uso"}'::jsonb, NULL, NULL, 'https://images.tcdn.com.br/img/img_prod/1152560/mr_black_limpa_pneu_sandet_5_litros_1685_1_79cd36fc493802b41b8cf861c9105ada.jpg', '{}'::text[], 4, 1, false, false, '{}'::text[], '2026-07-12T00:06:58.200838+00:00', 'published', NULL, '2026-07-12T01:41:14.20673+00:00', NULL, NULL);
INSERT INTO public.products (id, name, slug, brand_id, category_id, short_description, description, specifications, usability, tips, image_url, gallery_images, rating, review_count, is_featured, is_new, tags, created_at, status, publish_at, published_at, parent_product_id, variant_label) VALUES ('4eea3806-0e74-4233-9c16-f4ea5252987b', 'Multi X APC Concentrado CarPro 500ml', 'multi-x-apc-carpro-500ml', '932d8081-e1dc-49e9-921d-2524688ee6a1', 'fc57ced6-8e7f-449e-860d-6fd7fcab1081', 'Limpador APC concentrado de alta performance para detalhamento automotivo.', 'Limpador APC concentrado CarPro, formulado para limpeza profunda de múltiplas superfícies. Versátil e eficiente, pode ser diluído em diferentes proporções conforme a aplicação desejada.', '{"Tipo": "APC Concentrado", "Marca": "CarPro", "Volume": "500ml"}'::jsonb, NULL, NULL, 'https://images.tcdn.com.br/img/img_prod/1152560/multi_x_apc_concentrado_carpro_500ml_1257_1_96bd0f044c57c5c47241e24f2d505d97.jpg', '{}'::text[], 4, 1, false, false, '{}'::text[], '2026-07-12T00:06:29.260292+00:00', 'published', NULL, '2026-07-12T01:48:35.23035+00:00', NULL, NULL);
INSERT INTO public.products (id, name, slug, brand_id, category_id, short_description, description, specifications, usability, tips, image_url, gallery_images, rating, review_count, is_featured, is_new, tags, created_at, status, publish_at, published_at, parent_product_id, variant_label) VALUES ('47e9b60f-2d64-4cf9-85c3-0a6c949992c7', 'Native Brazilian Carnauba Paste Wax Vonixx 100g', 'native-paste-wax-vonixx-100g', '2521bc20-0c66-4bea-91fa-83cef52db28b', 'f1341dff-415a-4e17-8262-5549273d6b1d', 'Cera de carnaúba brasileira artesanal. Aroma natural, brilho quente e toque sedoso.', 'A cera é livre de fragrâncias artificiais, preservando o aroma natural da carnaúba. Fabricada artesanalmente com a cera de carnaúba brasileira, extraída das árvores nativas do Ceará. Proporciona brilho quente e toque sedoso à pintura.', '{"Peso": "100g", "Tipo": "Cera em Pasta", "Marca": "Vonixx", "Composição": "Carnaúba brasileira natural"}'::jsonb, NULL, NULL, 'https://images.tcdn.com.br/img/img_prod/1152560/cera_de_carnauba_em_pasta_native_paste_wax_vonixx_100g_1015_1_acb9e72306d028c849db9acecdd52812.jpg', '{}'::text[], 5, 2, false, false, '{}'::text[], '2026-07-12T00:05:35.180408+00:00', 'published', NULL, '2026-07-12T01:41:14.20673+00:00', NULL, '100g');
INSERT INTO public.products (id, name, slug, brand_id, category_id, short_description, description, specifications, usability, tips, image_url, gallery_images, rating, review_count, is_featured, is_new, tags, created_at, status, publish_at, published_at, parent_product_id, variant_label) VALUES ('0f44ea7e-6ce6-408f-acae-da3fcac2da75', 'Native Cleaner Wax Brazilian Carnaba Vonixx 500ml', 'native-cleaner-wax-brazilian-carnauba-vonixx-500ml', '2521bc20-0c66-4bea-91fa-83cef52db28b', 'f1341dff-415a-4e17-8262-5549273d6b1d', NULL, NULL, '{}'::text[], NULL, NULL, 'https://images.tcdn.com.br/img/img_prod/1152560/native_cleaner_wax_brazilian_carnaba_vonixx_500m_1_20251008234311_8ea561d8bc5f.jpg', '{}'::text[], 0, 0, false, false, '{}'::text[], '2026-07-12T01:22:15.399507+00:00', 'published', NULL, '2026-07-12T16:23:51.432373+00:00', '47e9b60f-2d64-4cf9-85c3-0a6c949992c7', 'Cleaner Wax 500ml');
INSERT INTO public.products (id, name, slug, brand_id, category_id, short_description, description, specifications, usability, tips, image_url, gallery_images, rating, review_count, is_featured, is_new, tags, created_at, status, publish_at, published_at, parent_product_id, variant_label) VALUES ('2fc78507-9b22-4409-a2de-e4aa1c7f02fc', 'Native Spray Wax Brazilian Carnaba Vonixx 500ml', 'native-spray-wax-brazilian-carnauba-vonixx-500ml', '2521bc20-0c66-4bea-91fa-83cef52db28b', 'f1341dff-415a-4e17-8262-5549273d6b1d', NULL, NULL, '{}'::text[], NULL, NULL, 'https://images.tcdn.com.br/img/img_prod/1152560/native_spray_wax_brazilian_carnaba_vonixx_500ml_1_20251008234348_b5e8f71b2bf9.jpg', '{}'::text[], 0, 0, false, false, '{}'::text[], '2026-07-12T01:22:15.399507+00:00', 'published', NULL, '2026-07-12T16:23:51.432373+00:00', '47e9b60f-2d64-4cf9-85c3-0a6c949992c7', 'Spray Wax 500ml');
INSERT INTO public.products (id, name, slug, brand_id, category_id, short_description, description, specifications, usability, tips, image_url, gallery_images, rating, review_count, is_featured, is_new, tags, created_at, status, publish_at, published_at, parent_product_id, variant_label) VALUES ('fff38721-b830-41c0-8055-38c7f3fa1e44', 'One Step Polish 3 em 1 Menzerna 1L', 'one-step-polish-3em1-menzerna-1l', '78b7fed4-2a85-4bfd-8668-9aa21a97d076', 'f13b7270-b3c6-449b-b1d0-78394cafbd51', 'Composto polidor 3 em 1: corte médio, brilho intenso e selante em um único produto.', 'O One-Step 3 em 1 da Menzerna é um composto polidor de corte médio (abrasividade), brilho intenso e excelente selante em um único produto. Ideal para quem busca eficiência em uma única etapa de polimento, economizando tempo sem comprometer o resultado.', '{"Tipo": "Composto Polidor 3 em 1", "Corte": "Médio", "Marca": "Menzerna", "Origem": "Alemanha", "Volume": "1 Litro"}'::jsonb, NULL, NULL, 'https://images.tcdn.com.br/img/img_prod/1152560/one_step_polish_3_em_1_polidor_de_abrasividade_media_menzerna_1_litro_117_1_8ca2a99522a67bf00f575a8febdcb598.jpg', '{}'::text[], 5, 4, true, false, '{}'::text[], '2026-07-12T00:06:02.620504+00:00', 'published', NULL, '2026-07-12T01:41:14.20673+00:00', NULL, NULL);
INSERT INTO public.products (id, name, slug, brand_id, category_id, short_description, description, specifications, usability, tips, image_url, gallery_images, rating, review_count, is_featured, is_new, tags, created_at, status, publish_at, published_at, parent_product_id, variant_label) VALUES ('46cc38b2-a9da-4e89-85e0-0f05f050e876', 'PINK Shampoo Automotivo Híbrido Concentrado EasyTech 1,5L', 'pink-shampoo-hibrido-easytech-15l', '16ed7769-be17-4581-8fbd-90a4d5d6499b', '330f3e55-c35d-411b-afff-3d2184e0f3b9', 'Shampoo automotivo versátil que age como desengraxante ou shampoo de manutenção conforme diluição.', 'Pink é um shampoo automotivo versátil. Em determinadas concentrações age como um desengraxante ou como um shampoo de manutenção do dia a dia. Super concentrado com diluição de até 1:200, oferece alto rendimento e excelente relação custo-benefício. pH neutro, seguro para todas as superfícies pintadas.', '{"pH": "Neutro", "Marca": "EasyTech", "Volume": "1,5 Litros", "Diluição": "Até 1:200"}'::jsonb, NULL, NULL, 'https://images.tcdn.com.br/img/img_prod/1152560/pink_shampoo_automotivo_hibrido_concentrado_easytech_1_5l_diluicao_1_200_1937_1_74155f564b5b474b2bb93fff8fda8912.jpg', '{}'::text[], 4.5, 3, false, true, '{}'::text[], '2026-07-12T00:05:02.697657+00:00', 'published', NULL, '2026-07-12T01:41:14.20673+00:00', NULL, NULL);
INSERT INTO public.products (id, name, slug, brand_id, category_id, short_description, description, specifications, usability, tips, image_url, gallery_images, rating, review_count, is_featured, is_new, tags, created_at, status, publish_at, published_at, parent_product_id, variant_label) VALUES ('1dafab37-d5d0-473e-9360-aef051e35000', 'Pluri Fast Limpador Pronto Uso Easytech 500ml', 'pluri-fast-limpador-pronto-uso-easytech-500ml', '16ed7769-be17-4581-8fbd-90a4d5d6499b', 'fc57ced6-8e7f-449e-860d-6fd7fcab1081', NULL, NULL, '{}'::text[], NULL, NULL, 'https://images.tcdn.com.br/img/img_prod/1152560/pluri_fast_limpador_pronto_uso_easytech_500ml_1_20260625154533_6a35425dc648.jpg', '{}'::text[], 0, 0, false, false, '{}'::text[], '2026-07-12T01:21:39.288505+00:00', 'published', NULL, '2026-07-12T16:23:51.432373+00:00', NULL, NULL);
INSERT INTO public.products (id, name, slug, brand_id, category_id, short_description, description, specifications, usability, tips, image_url, gallery_images, rating, review_count, is_featured, is_new, tags, created_at, status, publish_at, published_at, parent_product_id, variant_label) VALUES ('276f83b5-bc2f-4368-9c82-5085b8748958', 'PLURI Super APC Alcalino EasyTech 5L', 'pluri-apc-alcalino-easytech-5l', '16ed7769-be17-4581-8fbd-90a4d5d6499b', 'fc57ced6-8e7f-449e-860d-6fd7fcab1081', 'Multilimpador APC alcalino para limpeza pesada e desengraxe. Concentrado com diluição até 1:50.', 'Multilimpador APC PLURI é um limpador multifuncional destinado à remoção de sujeiras pesadas e desengraxe. PLURI é concentrado e de baixa viscosidade, fácil de diluir. Indicado para limpeza de motores, rodas, superfícies internas e externas.', '{"Tipo": "APC Alcalino", "Marca": "EasyTech", "Volume": "5 Litros", "Diluição": "Até 1:50"}'::jsonb, NULL, NULL, 'https://images.tcdn.com.br/img/img_prod/1152560/pluri_super_apc_alcalino_concentrado_easytech_5_litros_diluicao_ate_1_60_749_1_8fef47d99773e614e347fcd64c0acfda.jpg', '{}'::text[], 4.5, 2, false, false, '{}'::text[], '2026-07-12T00:06:29.260292+00:00', 'published', NULL, '2026-07-12T01:41:14.20673+00:00', NULL, NULL);
INSERT INTO public.products (id, name, slug, brand_id, category_id, short_description, description, specifications, usability, tips, image_url, gallery_images, rating, review_count, is_featured, is_new, tags, created_at, status, publish_at, published_at, parent_product_id, variant_label) VALUES ('e89d71ac-8453-48d5-96fe-89309d07d6c3', 'Pneu Pretinho Vintex 500ml', 'pneu-pretinho-vintex-500ml', 'd4f656fc-78dd-4f8e-a792-0e64df4b49ab', 'f1341dff-415a-4e17-8262-5549273d6b1d', 'Produto desenvolvido para proteger, conservar e dar brilho aos pneus. Brilho molhado e super concentrado.', 'O Pneu Pretinho Vintex é um produto especialmente desenvolvido para proteger, conservar e dar brilho aos pneus em geral. Proteção prolongada, brilho intenso e duradouro que deixa os pneus com aspecto de novos. Brilho molhado, super concentrado.', '{"Tipo": "Pneu Pretinho", "Marca": "Vintex", "Brilho": "Molhado", "Volume": "500ml"}'::jsonb, NULL, NULL, 'https://images.tcdn.com.br/img/img_prod/1152560/pneu_pretinho_vintex_500ml_1_20260301145927_33bc1d6c00f6.jpg', '{}'::text[], 5, 3, true, false, '{}'::text[], '2026-07-12T00:06:58.200838+00:00', 'published', NULL, '2026-07-12T01:22:15.399507+00:00', NULL, NULL);
INSERT INTO public.products (id, name, slug, brand_id, category_id, short_description, description, specifications, usability, tips, image_url, gallery_images, rating, review_count, is_featured, is_new, tags, created_at, status, publish_at, published_at, parent_product_id, variant_label) VALUES ('156b21d9-f5e5-4b05-b55a-317a5553ea1b', 'Pneu Visco Abrilhantador de Pneus Cadillac 5 Litros', 'pneu-visco-abrilhantador-de-pneus-cadillac-5-litros', '89fcb84c-3878-4df6-b40a-091b42980372', 'f1341dff-415a-4e17-8262-5549273d6b1d', NULL, NULL, '{}'::text[], NULL, NULL, 'https://images.tcdn.com.br/img/img_prod/1152560/pneu_visco_cadillac_5_litros_1_20251014144509_1c888e67a2f9.jpg', '{}'::text[], 0, 0, false, false, '{}'::text[], '2026-07-12T01:22:50.577752+00:00', 'published', NULL, '2026-07-12T16:23:51.432373+00:00', NULL, NULL);
INSERT INTO public.products (id, name, slug, brand_id, category_id, short_description, description, specifications, usability, tips, image_url, gallery_images, rating, review_count, is_featured, is_new, tags, created_at, status, publish_at, published_at, parent_product_id, variant_label) VALUES ('be2904ae-52bf-47e0-936e-d3eaa537703b', 'Prot Sh400 Detergente Automotivo Neutro Concentrado Protelim 5 Litros Diluicao ate 150', 'prot-sh400-detergente-automotivo-neutro-concentrado-protelim-5-litros-diluicao-ate-150', '8da721ad-aaec-4015-80e0-fe8efc9d894f', '330f3e55-c35d-411b-afff-3d2184e0f3b9', NULL, NULL, '{}'::text[], NULL, NULL, 'https://images.tcdn.com.br/img/img_prod/1152560/prot_sh400_detergente_automotivo_neutro_concentrad_1_20260706133933_fee6890994e4.jpg', '{}'::text[], 0, 0, false, false, '{}'::text[], '2026-07-12T01:22:50.577752+00:00', 'published', NULL, '2026-07-12T16:23:51.432373+00:00', NULL, NULL);
INSERT INTO public.products (id, name, slug, brand_id, category_id, short_description, description, specifications, usability, tips, image_url, gallery_images, rating, review_count, is_featured, is_new, tags, created_at, status, publish_at, published_at, parent_product_id, variant_label) VALUES ('631201b7-c5c6-4fd6-bf8b-5d8338b74682', 'PROT SH400 Detergente Automotivo Protelim 20L', 'prot-sh400-protelim-20l', '8da721ad-aaec-4015-80e0-fe8efc9d894f', '330f3e55-c35d-411b-afff-3d2184e0f3b9', 'Detergente automotivo concentrado de alto rendimento para superfícies pintadas e carrocerias.', 'PROT SH400 é um detergente automotivo concentrado de alto rendimento, indicado para superfícies pintadas, carrocerias de veículos, náuticos, aeronaves, etc. Produto profissional de alta performance para lavagem técnica.', '{"pH": "Neutro", "Tipo": "Concentrado", "Marca": "Protelim", "Volume": "20 Litros"}'::jsonb, NULL, NULL, 'https://images.tcdn.com.br/img/img_prod/1152560/prot_sh400_detergente_automotivo_neutro_concentrado_protelim_20_litros_5807_1_a7552e4ffd2f855626e0b5f5c55ab010.jpg', '{}'::text[], 4, 1, false, false, '{}'::text[], '2026-07-12T00:05:02.697657+00:00', 'published', NULL, '2026-07-12T01:41:28.083661+00:00', NULL, NULL);
INSERT INTO public.products (id, name, slug, brand_id, category_id, short_description, description, specifications, usability, tips, image_url, gallery_images, rating, review_count, is_featured, is_new, tags, created_at, status, publish_at, published_at, parent_product_id, variant_label) VALUES ('6d304abd-ab55-480f-aef7-2bb3b63fc99d', 'Reflex Removedor de Manchas em Vidros com Acao Rapida e Ph Balanceado Easytech 500ml', 'reflex-removedor-de-manchas-em-vidros-com-acao-rapida-e-ph-balanceado-easytech-500ml', '16ed7769-be17-4581-8fbd-90a4d5d6499b', '70c01ac7-0184-4d49-9e17-8887cfd4cf7c', NULL, NULL, '{}'::text[], NULL, NULL, 'https://images.tcdn.com.br/img/img_prod/1152560/reflex_removedor_de_manchas_em_vidros_com_ao_rpida_1_20250923165453_fffec0cf9e82.jpg', '{}'::text[], 0, 0, false, false, '{}'::text[], '2026-07-12T01:22:50.577752+00:00', 'published', NULL, '2026-07-12T16:23:51.432373+00:00', NULL, NULL);
INSERT INTO public.products (id, name, slug, brand_id, category_id, short_description, description, specifications, usability, tips, image_url, gallery_images, rating, review_count, is_featured, is_new, tags, created_at, status, publish_at, published_at, parent_product_id, variant_label) VALUES ('a5c5d143-3474-454c-9fa2-9e40763a6c28', 'Renovador de Couro Autoshine 5L', 'renovador-couro-autoshine-5l', 'ea720c10-751e-4e7a-a83c-547e3152d45c', 'fc57ced6-8e7f-449e-860d-6fd7fcab1081', 'Renovador que hidrata, limpa e protege o couro, devolvendo a aparência original.', 'O Renovador de Couro Autoshine foi desenvolvido para hidratar, limpar e proteger o tecido derivado de animais, que com a ação do tempo perde a aparência original. Devolve maciez, cor e brilho ao couro automotivo.', '{"Tipo": "Renovador de Couro", "Marca": "Autoshine", "Volume": "5 Litros"}'::jsonb, NULL, NULL, 'https://images.tcdn.com.br/img/img_prod/1152560/renovador_de_couro_autoshine_5_litros_163_1_7d68f81fb7dd6a66a34bc126fd2d3e0e.jpg', '{}'::text[], 4, 1, false, false, '{}'::text[], '2026-07-12T00:06:29.260292+00:00', 'published', NULL, '2026-07-12T01:41:28.083661+00:00', NULL, NULL);
INSERT INTO public.products (id, name, slug, brand_id, category_id, short_description, description, specifications, usability, tips, image_url, gallery_images, rating, review_count, is_featured, is_new, tags, created_at, status, publish_at, published_at, parent_product_id, variant_label) VALUES ('ab0bdb1f-be0c-450a-9310-8f385bd345af', 'Resolvidro Gold em P Composto para Polimento de Vidros 100g', 'resolvidro-gold-em-po-composto-para-polimento-de-vidros-100g', '5e2bcd3b-33c4-489c-8351-955bd4722630', '70c01ac7-0184-4d49-9e17-8887cfd4cf7c', NULL, NULL, '{}'::text[], NULL, NULL, 'https://images.tcdn.com.br/img/img_prod/1152560/resolvidro_gold_em_p_composto_para_polimento_de_vi_1_20260601162530_b10ff9366cb6.jpg', '{}'::text[], 0, 0, false, false, '{}'::text[], '2026-07-12T01:22:15.399507+00:00', 'published', NULL, '2026-07-12T16:23:51.432373+00:00', NULL, NULL);
INSERT INTO public.products (id, name, slug, brand_id, category_id, short_description, description, specifications, usability, tips, image_url, gallery_images, rating, review_count, is_featured, is_new, tags, created_at, status, publish_at, published_at, parent_product_id, variant_label) VALUES ('a8738579-6a1f-401f-b5c8-a676c8e02373', 'Revelax Revelador de Hologramas Vonixx 500ml', 'revelax-revelador-hologramas-vonixx-500ml', '2521bc20-0c66-4bea-91fa-83cef52db28b', 'f13b7270-b3c6-449b-b1d0-78394cafbd51', 'Produto desenvolvido especificamente para revelar os reais defeitos da pintura automotiva.', 'Revelax Vonixx é um produto desenvolvido especificamente para revelar os reais defeitos da pintura automotiva. Permite identificar hologramas, marcas de polimento e imperfeições não visíveis a olho nu, garantindo um polimento técnico de qualidade.', '{"Tipo": "Revelador de Hologramas", "Marca": "Vonixx", "Volume": "500ml"}'::jsonb, NULL, NULL, 'https://images.tcdn.com.br/img/img_prod/1152560/revelax_revelador_de_hologramas_vonixx_500ml_417_1_3e2d412e6438295c3ec0843bda277320.jpg', '{}'::text[], 4, 1, false, false, '{}'::text[], '2026-07-12T00:06:02.620504+00:00', 'published', NULL, '2026-07-12T01:41:28.083661+00:00', NULL, NULL);
INSERT INTO public.products (id, name, slug, brand_id, category_id, short_description, description, specifications, usability, tips, image_url, gallery_images, rating, review_count, is_featured, is_new, tags, created_at, status, publish_at, published_at, parent_product_id, variant_label) VALUES ('078dab59-f336-496b-bc25-545730c13c1f', 'Revox Selante Sintético para Pneus Vonixx 500ml', 'revox-selante-pneus-vonixx-500ml', '2521bc20-0c66-4bea-91fa-83cef52db28b', 'f1341dff-415a-4e17-8262-5549273d6b1d', 'Selante sintético para pneus que protege, dá brilho e renova o aspecto. Evolução em cuidados para as rodas.', 'A evolução em cuidados para as rodas. Revox é um selante sintético para pneus, formulado para proteger, dar brilho e renovar o aspecto, além de promover durabilidade. Não deixa a superfície pegajosa e oferece acabamento natural.', '{"Tipo": "Selante Sintético para Pneus", "Marca": "Vonixx", "Volume": "500ml"}'::jsonb, NULL, NULL, 'https://images.tcdn.com.br/img/img_prod/1152560/revox_selante_sintetico_para_pneus_vonixx_500ml_1113_1_c52b5f02309f3ab73cf5bc9ea8786608.jpg', '{}'::text[], 4.5, 2, false, true, '{}'::text[], '2026-07-12T00:06:58.200838+00:00', 'published', NULL, '2026-07-12T01:41:28.083661+00:00', NULL, NULL);
INSERT INTO public.products (id, name, slug, brand_id, category_id, short_description, description, specifications, usability, tips, image_url, gallery_images, rating, review_count, is_featured, is_new, tags, created_at, status, publish_at, published_at, parent_product_id, variant_label) VALUES ('f5a00b0f-0db7-4e56-97a8-20b79b487f16', 'Sani Prime Finalizador Dub Boyz 1 5l', 'sani-prime-finalizador-dub-boyz-1-5l', '8961ebde-3503-42e3-a139-f719fc1d161a', '8ef857d3-fd72-4595-8339-a4f25e83dab7', NULL, NULL, '{}'::text[], NULL, NULL, 'https://images.tcdn.com.br/img/img_prod/1152560/sani_prime_finalizador_dub_boyz_15l_1_20260625221013_13167b8f318b.jpg', '{}'::text[], 0, 0, false, false, '{}'::text[], '2026-07-12T01:20:45.498797+00:00', 'published', NULL, '2026-07-12T16:23:51.432373+00:00', NULL, NULL);
INSERT INTO public.products (id, name, slug, brand_id, category_id, short_description, description, specifications, usability, tips, image_url, gallery_images, rating, review_count, is_featured, is_new, tags, created_at, status, publish_at, published_at, parent_product_id, variant_label) VALUES ('9a126a0b-3f18-47db-af75-c1c8bc487b19', 'Sani Sweet Finalizador Dub Boyz 1 5l', 'sani-sweet-finalizador-dub-boyz-1-5l', '8961ebde-3503-42e3-a139-f719fc1d161a', '8ef857d3-fd72-4595-8339-a4f25e83dab7', NULL, NULL, '{}'::text[], NULL, NULL, 'https://images.tcdn.com.br/img/img_prod/1152560/sani_sweet_finalizador_dub_boyz_15l_1_20260625220412_6a51bbb14bcf.jpg', '{}'::text[], 0, 0, false, false, '{}'::text[], '2026-07-12T01:20:45.498797+00:00', 'published', NULL, '2026-07-12T16:23:51.432373+00:00', NULL, NULL);
INSERT INTO public.products (id, name, slug, brand_id, category_id, short_description, description, specifications, usability, tips, image_url, gallery_images, rating, review_count, is_featured, is_new, tags, created_at, status, publish_at, published_at, parent_product_id, variant_label) VALUES ('bb812a11-3bd4-4541-b3c8-c787309b07ca', 'SIO2-PRO Selante Cerâmico Spray Vonixx 500ml', 'sio2-pro-selante-ceramico-vonixx-500ml', '2521bc20-0c66-4bea-91fa-83cef52db28b', 'f1341dff-415a-4e17-8262-5549273d6b1d', 'Selante cerâmico em spray com tecnologia SIO2. Toque aveludado e proteção duradoura por até 3 meses.', 'SIO2-PRO é um produto avançado da Vonixx, projetado para fornecer proteção de alta qualidade. Com tecnologia SIO2 avançada, oferece camada protetora contra radiação UV, poluição e fatores ambientais. Maior poder hidrofóbico e melhor acabamento. Mais brilho por até 3 meses. Pronto uso.', '{"Tipo": "Selante Cerâmico", "Marca": "Vonixx", "Volume": "500ml", "Diluição": "Pronto uso", "Durabilidade": "Até 4 meses"}'::jsonb, NULL, NULL, 'https://images.tcdn.com.br/img/img_prod/1152560/sio2_pro_manuteno_de_vitrificadores_vonixx_500_1_20251008234433_ed1a349aa328.jpg', '{}'::text[], 5, 4, true, true, '{}'::text[], '2026-07-12T00:05:35.180408+00:00', 'published', NULL, '2026-07-12T16:23:51.432373+00:00', NULL, NULL);
INSERT INTO public.products (id, name, slug, brand_id, category_id, short_description, description, specifications, usability, tips, image_url, gallery_images, rating, review_count, is_featured, is_new, tags, created_at, status, publish_at, published_at, parent_product_id, variant_label) VALUES ('d89127e7-db18-426d-870b-dd2a8349c31e', 'Snow Many Lava Auto Neutro Dub Boyz 1 5l', 'snow-many-lava-auto-neutro-dub-boyz-1-5l', '8961ebde-3503-42e3-a139-f719fc1d161a', '330f3e55-c35d-411b-afff-3d2184e0f3b9', NULL, NULL, '{}'::text[], NULL, NULL, 'https://images.tcdn.com.br/img/img_prod/1152560/snow_many_lava_auto_neutro_dub_boyz_15l_1_20260625215439_04b81419c1f0.jpg', '{}'::text[], 0, 0, false, false, '{}'::text[], '2026-07-12T01:22:50.577752+00:00', 'published', NULL, '2026-07-12T16:23:51.432373+00:00', NULL, NULL);
INSERT INTO public.products (id, name, slug, brand_id, category_id, short_description, description, specifications, usability, tips, image_url, gallery_images, rating, review_count, is_featured, is_new, tags, created_at, status, publish_at, published_at, parent_product_id, variant_label) VALUES ('22fcb62b-285a-4829-93ad-23df83e3d5ea', 'SOUL Hidratante de Couro EasyTech 500ml', 'soul-hidratante-couro-easytech-500ml', '16ed7769-be17-4581-8fbd-90a4d5d6499b', 'fc57ced6-8e7f-449e-860d-6fd7fcab1081', 'Hidratante de couro à base de lanolina, óleo de amêndoas e aloe vera. Acabamento seco e toque macio.', 'Soul é um hidratante de couro desenvolvido à base de substratos nobres, baseado em Lanolina, óleo de amêndoas e óleo de aloe vera. Soul tem um acabamento seco e toque macio, hidratando o couro sem deixá-lo gorduroso. Ideal para manutenção de couros natural e sintético.', '{"Tipo": "Hidratante de Couro", "Marca": "EasyTech", "Volume": "500ml", "Composição": "Lanolina, óleo de amêndoas, aloe vera"}'::jsonb, NULL, NULL, 'https://images.tcdn.com.br/img/img_prod/1152560/soul_hidratante_de_couro_sintetico_e_natural_easytech_500ml_1199_1_5c2273b9c8958ec37c00c7e9a47c8ed5.jpg', '{}'::text[], 4.5, 2, false, false, '{}'::text[], '2026-07-12T00:06:29.260292+00:00', 'published', NULL, '2026-07-12T01:41:28.083661+00:00', NULL, NULL);
INSERT INTO public.products (id, name, slug, brand_id, category_id, short_description, description, specifications, usability, tips, image_url, gallery_images, rating, review_count, is_featured, is_new, tags, created_at, status, publish_at, published_at, parent_product_id, variant_label) VALUES ('882c133c-e275-4ad9-9d4e-2a2178e3bf56', 'Super Heavy Cut Compound 300 Menzerna 250ml', 'super-heavy-cut-300-menzerna-250ml', '78b7fed4-2a85-4bfd-8668-9aa21a97d076', 'f13b7270-b3c6-449b-b1d0-78394cafbd51', 'Composto polidor de corte agressivo para correção de defeitos severos na pintura.', 'Menzerna SC 300 Super Heavy Cut Compound é um Composto Polidor de Corte Agressivo para correção de defeitos severos na pintura, atinge o valor máximo na escala de corte. Desenvolvido para remoção eficiente de riscos profundos e imperfeições severas.', '{"Tipo": "Composto Polidor", "Corte": "Agressivo", "Marca": "Menzerna", "Origem": "Alemanha", "Volume": "250ml"}'::jsonb, NULL, NULL, 'https://images.tcdn.com.br/img/img_prod/1152560/super_heavy_cut_compound_300_composto_polidor_de_corte_agressivo_menzerna_250ml_899_1_2cca1950d5ebb619f50287c8b18fc072.jpg', '{}'::text[], 5, 2, false, false, '{}'::text[], '2026-07-12T00:06:02.620504+00:00', 'published', NULL, '2026-07-12T01:41:28.083661+00:00', NULL, NULL);
INSERT INTO public.products (id, name, slug, brand_id, category_id, short_description, description, specifications, usability, tips, image_url, gallery_images, rating, review_count, is_featured, is_new, tags, created_at, status, publish_at, published_at, parent_product_id, variant_label) VALUES ('c992a894-242f-43d8-a367-71b8fd0808cd', 'Tapetex Limpador para Tapetes e Carpetes Easytech 5 Litros Diluicao ate 1150', 'tapetex-limpador-para-tapetes-e-carpetes-easytech-5-litros-diluicao-ate-1150', '16ed7769-be17-4581-8fbd-90a4d5d6499b', 'fc57ced6-8e7f-449e-860d-6fd7fcab1081', NULL, NULL, '{}'::text[], NULL, NULL, 'https://images.tcdn.com.br/img/img_prod/1152560/tapetex_limpador_para_tapetes_e_carpetes_easytec_1_20250813210806_584bcd0ad06d.jpg', '{}'::text[], 0, 0, false, false, '{}'::text[], '2026-07-12T01:21:39.288505+00:00', 'published', NULL, '2026-07-12T16:23:51.432373+00:00', NULL, NULL);
INSERT INTO public.products (id, name, slug, brand_id, category_id, short_description, description, specifications, usability, tips, image_url, gallery_images, rating, review_count, is_featured, is_new, tags, created_at, status, publish_at, published_at, parent_product_id, variant_label) VALUES ('8f407d0a-1333-4f33-aee6-aa1ce7e341f0', 'Ultra Limpador Magil Clean 1 15 Litros Diluicao ate 1100', 'ultra-limpador-magil-clean-1-15-litros-diluicao-ate-1100', 'c747af13-8743-4dc5-acf2-c6835c4d82a6', 'fc57ced6-8e7f-449e-860d-6fd7fcab1081', NULL, NULL, '{}'::text[], NULL, NULL, 'https://images.tcdn.com.br/img/img_prod/1152560/ultra_limpador_magil_clean_115_litros_diluio_at_11_1_20251103202244_ca9cd03e6f7b.jpg', '{}'::text[], 0, 0, false, false, '{}'::text[], '2026-07-12T01:21:39.288505+00:00', 'published', NULL, '2026-07-12T16:23:51.432373+00:00', NULL, '1,15 Litros');
INSERT INTO public.products (id, name, slug, brand_id, category_id, short_description, description, specifications, usability, tips, image_url, gallery_images, rating, review_count, is_featured, is_new, tags, created_at, status, publish_at, published_at, parent_product_id, variant_label) VALUES ('f4e1e241-16fe-473b-a024-8a11f94171d3', 'Ultra Limpador Magil Clean 5 Litros Diluicao ate 1100', 'ultra-limpador-magil-clean-5-litros-diluicao-ate-1100', 'c747af13-8743-4dc5-acf2-c6835c4d82a6', 'fc57ced6-8e7f-449e-860d-6fd7fcab1081', NULL, NULL, '{}'::text[], NULL, NULL, 'https://images.tcdn.com.br/img/img_prod/1152560/ultra_limpador_magil_clean_5_litros_diluio_at_1100_1_20251103201832_e4dcc182cff3.jpg', '{}'::text[], 0, 0, false, false, '{}'::text[], '2026-07-12T01:21:39.288505+00:00', 'published', NULL, '2026-07-12T16:23:51.432373+00:00', '8f407d0a-1333-4f33-aee6-aa1ce7e341f0', '5 Litros');
INSERT INTO public.products (id, name, slug, brand_id, category_id, short_description, description, specifications, usability, tips, image_url, gallery_images, rating, review_count, is_featured, is_new, tags, created_at, status, publish_at, published_at, parent_product_id, variant_label) VALUES ('981404e5-30e7-484e-befe-3b5d25016972', 'V-FLOC Lava Auto Super Concentrado Vonixx 1,5L', 'v-floc-lava-auto-vonixx-15l', '2521bc20-0c66-4bea-91fa-83cef52db28b', '330f3e55-c35d-411b-afff-3d2184e0f3b9', 'Lava autos de alta performance, pH neutro, super concentrado com diluição 1:400.', 'V-FLOC é um lava autos de alta performance e de pH neutro. Sua fórmula contém agentes condicionadores e tensoativos especiais que proporcionam uma lavagem suave e eficiente. V-FLOC tem alto grau de lubrificação, promovendo redução significativa do coeficiente de atrito, proporcionando um melhor deslize da luva de microfibra e reduzindo de forma efetiva as chances de microrriscos na pintura. Também promove brilho e aspecto de renovação da pintura. Diluição: 1:20 para Snow Foam, 1:400 para lavagem comum com balde.', '{"pH": "Neutro", "Marca": "Vonixx", "Volume": "1,5 Litros", "Diluição": "1:400 (lavagem) / 1:20 (snow foam)", "Rendimento": "Até 600 litros de solução"}'::jsonb, NULL, NULL, 'https://images.tcdn.com.br/img/img_prod/1152560/v_floc_lava_auto_super_concentrado_diluicao_1_400_vonixx_500ml_1501_1_c0b4dbb016b38f702762f81d23c53b48.jpg', '{}'::text[], 5, 4, true, false, '{}'::text[], '2026-07-12T00:05:02.697657+00:00', 'published', NULL, '2026-07-12T01:41:28.083661+00:00', NULL, NULL);
INSERT INTO public.products (id, name, slug, brand_id, category_id, short_description, description, specifications, usability, tips, image_url, gallery_images, rating, review_count, is_featured, is_new, tags, created_at, status, publish_at, published_at, parent_product_id, variant_label) VALUES ('0707ffcf-4c43-49f4-89e4-55aea6efe919', 'V-POLISH Polidor de Refino e Lustro Vonixx 500ml', 'v-polish-refino-lustro-vonixx-500ml', '2521bc20-0c66-4bea-91fa-83cef52db28b', 'f13b7270-b3c6-449b-b1d0-78394cafbd51', 'Composto polidor de refino com tecnologia VHP (Voxer Hybrid Polish) para excelente acabamento.', 'V-POLISH é um composto polidor de refino desenvolvido com tecnologia VHP (Voxer Hybrid Polish), que proporciona excelente acabamento para todos os tipos de verniz. Promove brilho intenso e remoção eficiente de defeitos leves a moderados.', '{"Tipo": "Composto Polidor", "Etapa": "Refino/Lustro", "Marca": "Vonixx", "Volume": "500ml", "Tecnologia": "VHP"}'::jsonb, NULL, NULL, 'https://images.tcdn.com.br/img/img_prod/1152560/v_polish_polidor_de_refino_e_lustro_etapa_2_sistema_vhp_vonixx_500ml_1867_1_43b7d079e4b747690b390a75b0574448.jpg', '{}'::text[], 4.5, 1, false, true, '{}'::text[], '2026-07-12T00:06:02.620504+00:00', 'published', NULL, '2026-07-12T01:41:28.083661+00:00', NULL, NULL);
INSERT INTO public.products (id, name, slug, brand_id, category_id, short_description, description, specifications, usability, tips, image_url, gallery_images, rating, review_count, is_featured, is_new, tags, created_at, status, publish_at, published_at, parent_product_id, variant_label) VALUES ('c2364c8c-3bd0-4fba-ae05-39ba82961cab', 'V80 Selante Sintético Vonixx 500ml', 'v80-selante-sintetico-vonixx-500ml', '2521bc20-0c66-4bea-91fa-83cef52db28b', 'f1341dff-415a-4e17-8262-5549273d6b1d', 'Selante sintético com proteção avançada e propriedades hidrofóbicas. Fácil aplicação e remoção.', 'O V80 é um selante sintético desenvolvido para oferecer proteção avançada e propriedades hidrofóbicas à pintura do veículo. Fácil aplicação e remoção, promove brilho intenso e duradouro. Ideal para manutenção de superfícies já protegidas ou como camada base.', '{"Tipo": "Selante Sintético", "Marca": "Vonixx", "Volume": "500ml"}'::jsonb, NULL, NULL, 'https://images.tcdn.com.br/img/img_prod/1152560/v80_selante_sinttico_vonixx_240ml_1_20251209154609_309c864c062c.jpg', '{}'::text[], 4.5, 2, false, false, '{}'::text[], '2026-07-12T00:05:35.180408+00:00', 'published', NULL, '2026-07-12T01:19:04.090023+00:00', NULL, '500ml');
INSERT INTO public.products (id, name, slug, brand_id, category_id, short_description, description, specifications, usability, tips, image_url, gallery_images, rating, review_count, is_featured, is_new, tags, created_at, status, publish_at, published_at, parent_product_id, variant_label) VALUES ('db4ba17e-25c2-4c6b-a6ed-bc0ba7ae009d', 'V80 Selante Sinttico Vonixx 240ml', 'v80-selante-sintetico-vonixx-240ml', '2521bc20-0c66-4bea-91fa-83cef52db28b', 'f1341dff-415a-4e17-8262-5549273d6b1d', NULL, NULL, '{}'::text[], NULL, NULL, 'https://images.tcdn.com.br/img/img_prod/1152560/v80_selante_sinttico_vonixx_240ml_1_20251209154609_309c864c062c.jpg', '{}'::text[], 0, 0, false, false, '{}'::text[], '2026-07-12T01:20:45.498797+00:00', 'published', NULL, '2026-07-12T16:23:51.432373+00:00', 'c2364c8c-3bd0-4fba-ae05-39ba82961cab', '240ml');
INSERT INTO public.products (id, name, slug, brand_id, category_id, short_description, description, specifications, usability, tips, image_url, gallery_images, rating, review_count, is_featured, is_new, tags, created_at, status, publish_at, published_at, parent_product_id, variant_label) VALUES ('7e8ad1e1-3af3-457f-8a77-111a9b3926f6', 'Vítria Cristalizador de Vidro EasyTech 30ml', 'vitria-cristalizador-easytech-30ml', '16ed7769-be17-4581-8fbd-90a4d5d6499b', '70c01ac7-0184-4d49-9e17-8887cfd4cf7c', 'Protege vidros, cromados e madeiras laqueadas com camada cerâmica invisível de longa duração.', 'Vítria protege vidros, peças cromadas e madeiras laqueadas através de uma camada cerâmica invisível de longa duração, com acabamento estético impecável e alto brilho. Produto de alta performance para cristalização de vidros automotivos.', '{"Tipo": "Cristalizador de Vidros", "Marca": "EasyTech", "Volume": "30ml", "Tecnologia": "Cerâmica"}'::jsonb, NULL, NULL, 'https://images.tcdn.com.br/img/img_prod/1152560/vitria_cristalizador_de_vidro_easytech_30ml_1223_1_59620518d25d6f8d12b39b5ce4f392c2.jpg', '{}'::text[], 4.5, 1, false, false, '{}'::text[], '2026-07-12T00:06:58.200838+00:00', 'published', NULL, '2026-07-12T01:41:28.083661+00:00', NULL, NULL);
INSERT INTO public.products (id, name, slug, brand_id, category_id, short_description, description, specifications, usability, tips, image_url, gallery_images, rating, review_count, is_featured, is_new, tags, created_at, status, publish_at, published_at, parent_product_id, variant_label) VALUES ('1d648d5c-e838-4b5d-a288-f27235ca59c0', 'VX45 Vitrificador de Pintura Ceramic Coat Alcance 60ml', 'vx45-vitrificador-alcance-60ml', '8b51b80f-04d1-4897-96af-1b0fe342fbf7', 'f1341dff-415a-4e17-8262-5549273d6b1d', 'Revestimento cerâmico 9H com proteção por até 3 anos. Camada vitrificada com poros menores que a tinta.', 'O VX45 cria uma camada vitrificada que tem os poros muito menores que os da tinta automotiva, proporcionando considerável diminuição do acúmulo de sujeiras. Proteção 9H por até 3 anos, maior intensidade de brilho e profundidade de cor, melhor sensibilidade ao toque.', '{"Tipo": "Vitrificador Cerâmico", "Marca": "Alcance", "Dureza": "9H", "Volume": "60ml", "Durabilidade": "Até 3 anos"}'::jsonb, NULL, NULL, 'https://images.tcdn.com.br/img/img_prod/1152560/vx45_vitrificador_de_pintura_revestimento_ceramico_protecao_9h_por_ate_3_anos_alcance_60ml_21_1_7bc5044ade591f82496e2b5923ee95df.jpg', '{}'::text[], 5, 3, true, false, '{}'::text[], '2026-07-12T00:05:35.180408+00:00', 'published', NULL, '2026-07-12T01:41:28.083661+00:00', NULL, NULL);
INSERT INTO public.products (id, name, slug, brand_id, category_id, short_description, description, specifications, usability, tips, image_url, gallery_images, rating, review_count, is_featured, is_new, tags, created_at, status, publish_at, published_at, parent_product_id, variant_label) VALUES ('5570b578-f72d-45e8-97d1-ccf115267e4f', 'Zyon Limpador Automotivo Zacs 500ml', 'zyon-limpador-automotivo-zacs-500ml', 'dfbfa922-6f13-408a-b5ab-fa62e54f92b1', 'fc57ced6-8e7f-449e-860d-6fd7fcab1081', NULL, NULL, '{}'::text[], NULL, NULL, 'https://images.tcdn.com.br/img/img_prod/1152560/zyon_limpador_automotivo_zacs_500ml_1_20260426133216_c114a538f544.jpg', '{}'::text[], 0, 0, false, false, '{}'::text[], '2026-07-12T01:21:39.288505+00:00', 'published', NULL, '2026-07-12T16:23:51.432373+00:00', NULL, NULL);

-- PRODUTO_CATEGORIAS
-- product_categories (105 registros)

INSERT INTO public.product_categories (product_id, category_id) VALUES ('b31d52ff-cfe1-43cc-9173-bab2d3ec6625', '330f3e55-c35d-411b-afff-3d2184e0f3b9');
INSERT INTO public.product_categories (product_id, category_id) VALUES ('a6cd85c0-ac92-4264-9d99-692a85cfa083', 'fc57ced6-8e7f-449e-860d-6fd7fcab1081');
INSERT INTO public.product_categories (product_id, category_id) VALUES ('9ab206f8-d97f-4a69-a669-d8b8a8436254', 'f1341dff-415a-4e17-8262-5549273d6b1d');
INSERT INTO public.product_categories (product_id, category_id) VALUES ('431c72bf-fb85-4af5-bbe8-8e09b23c2b82', '8ef857d3-fd72-4595-8339-a4f25e83dab7');
INSERT INTO public.product_categories (product_id, category_id) VALUES ('793f2a4d-8558-4bf8-9057-e9bc4af0c6dd', '8ef857d3-fd72-4595-8339-a4f25e83dab7');
INSERT INTO public.product_categories (product_id, category_id) VALUES ('55da8e01-ea70-4909-9204-9e71fd7eea70', 'f1341dff-415a-4e17-8262-5549273d6b1d');
INSERT INTO public.product_categories (product_id, category_id) VALUES ('631201b7-c5c6-4fd6-bf8b-5d8338b74682', '330f3e55-c35d-411b-afff-3d2184e0f3b9');
INSERT INTO public.product_categories (product_id, category_id) VALUES ('981404e5-30e7-484e-befe-3b5d25016972', '330f3e55-c35d-411b-afff-3d2184e0f3b9');
INSERT INTO public.product_categories (product_id, category_id) VALUES ('f5048bd2-acc6-4084-9225-ff20f2f0f8f8', 'f1341dff-415a-4e17-8262-5549273d6b1d');
INSERT INTO public.product_categories (product_id, category_id) VALUES ('31524f93-157d-462a-a06b-393e7db19da0', '330f3e55-c35d-411b-afff-3d2184e0f3b9');
INSERT INTO public.product_categories (product_id, category_id) VALUES ('bb812a11-3bd4-4541-b3c8-c787309b07ca', 'f1341dff-415a-4e17-8262-5549273d6b1d');
INSERT INTO public.product_categories (product_id, category_id) VALUES ('ac80fe28-423e-497a-8121-afe2d5af4dae', 'f1341dff-415a-4e17-8262-5549273d6b1d');
INSERT INTO public.product_categories (product_id, category_id) VALUES ('ac5575f5-fc33-4d31-bd5e-5007a0f408a3', '8ef857d3-fd72-4595-8339-a4f25e83dab7');
INSERT INTO public.product_categories (product_id, category_id) VALUES ('3471e5f6-5643-446f-b5d3-ab66207d2dbe', '8ef857d3-fd72-4595-8339-a4f25e83dab7');
INSERT INTO public.product_categories (product_id, category_id) VALUES ('1d7182dd-e7d3-43f0-ae76-ab0cb71c5f93', '8ef857d3-fd72-4595-8339-a4f25e83dab7');
INSERT INTO public.product_categories (product_id, category_id) VALUES ('f5a00b0f-0db7-4e56-97a8-20b79b487f16', '8ef857d3-fd72-4595-8339-a4f25e83dab7');
INSERT INTO public.product_categories (product_id, category_id) VALUES ('20c29ace-e64b-441a-93b2-7921bef5795a', 'f1341dff-415a-4e17-8262-5549273d6b1d');
INSERT INTO public.product_categories (product_id, category_id) VALUES ('9a126a0b-3f18-47db-af75-c1c8bc487b19', '8ef857d3-fd72-4595-8339-a4f25e83dab7');
INSERT INTO public.product_categories (product_id, category_id) VALUES ('b32b64dd-a9ee-4108-90e4-4455c6d3b382', 'fc57ced6-8e7f-449e-860d-6fd7fcab1081');
INSERT INTO public.product_categories (product_id, category_id) VALUES ('078dab59-f336-496b-bc25-545730c13c1f', 'f1341dff-415a-4e17-8262-5549273d6b1d');
INSERT INTO public.product_categories (product_id, category_id) VALUES ('b0577b3e-4ed1-4f8e-8120-393c8f475868', 'f1341dff-415a-4e17-8262-5549273d6b1d');
INSERT INTO public.product_categories (product_id, category_id) VALUES ('1dafab37-d5d0-473e-9360-aef051e35000', 'fc57ced6-8e7f-449e-860d-6fd7fcab1081');
INSERT INTO public.product_categories (product_id, category_id) VALUES ('c992a894-242f-43d8-a367-71b8fd0808cd', 'fc57ced6-8e7f-449e-860d-6fd7fcab1081');
INSERT INTO public.product_categories (product_id, category_id) VALUES ('db4ba17e-25c2-4c6b-a6ed-bc0ba7ae009d', 'f1341dff-415a-4e17-8262-5549273d6b1d');
INSERT INTO public.product_categories (product_id, category_id) VALUES ('47e9b60f-2d64-4cf9-85c3-0a6c949992c7', 'f1341dff-415a-4e17-8262-5549273d6b1d');
INSERT INTO public.product_categories (product_id, category_id) VALUES ('8f407d0a-1333-4f33-aee6-aa1ce7e341f0', 'fc57ced6-8e7f-449e-860d-6fd7fcab1081');
INSERT INTO public.product_categories (product_id, category_id) VALUES ('15c303d7-51dd-4b33-81ab-28edce6a5b9c', 'f1341dff-415a-4e17-8262-5549273d6b1d');
INSERT INTO public.product_categories (product_id, category_id) VALUES ('1d648d5c-e838-4b5d-a288-f27235ca59c0', 'f1341dff-415a-4e17-8262-5549273d6b1d');
INSERT INTO public.product_categories (product_id, category_id) VALUES ('6cf45522-726d-4377-b11f-f1d0db21a77d', 'f13b7270-b3c6-449b-b1d0-78394cafbd51');
INSERT INTO public.product_categories (product_id, category_id) VALUES ('a8738579-6a1f-401f-b5c8-a676c8e02373', 'f13b7270-b3c6-449b-b1d0-78394cafbd51');
INSERT INTO public.product_categories (product_id, category_id) VALUES ('5570b578-f72d-45e8-97d1-ccf115267e4f', 'fc57ced6-8e7f-449e-860d-6fd7fcab1081');
INSERT INTO public.product_categories (product_id, category_id) VALUES ('9ea13ec1-0b10-48b0-b337-113df7c00be6', '330f3e55-c35d-411b-afff-3d2184e0f3b9');
INSERT INTO public.product_categories (product_id, category_id) VALUES ('52902056-85fa-4e8d-ae16-bcef1fe83537', '8ef857d3-fd72-4595-8339-a4f25e83dab7');
INSERT INTO public.product_categories (product_id, category_id) VALUES ('f4e1e241-16fe-473b-a024-8a11f94171d3', 'fc57ced6-8e7f-449e-860d-6fd7fcab1081');
INSERT INTO public.product_categories (product_id, category_id) VALUES ('299936d1-63a8-46c3-bbe0-c694fd4afbf6', 'f13b7270-b3c6-449b-b1d0-78394cafbd51');
INSERT INTO public.product_categories (product_id, category_id) VALUES ('fff38721-b830-41c0-8055-38c7f3fa1e44', 'f13b7270-b3c6-449b-b1d0-78394cafbd51');
INSERT INTO public.product_categories (product_id, category_id) VALUES ('882c133c-e275-4ad9-9d4e-2a2178e3bf56', 'f13b7270-b3c6-449b-b1d0-78394cafbd51');
INSERT INTO public.product_categories (product_id, category_id) VALUES ('4eea3806-0e74-4233-9c16-f4ea5252987b', 'fc57ced6-8e7f-449e-860d-6fd7fcab1081');
INSERT INTO public.product_categories (product_id, category_id) VALUES ('6ad73633-90dd-4dca-87b6-9f7d0bf397cb', 'f13b7270-b3c6-449b-b1d0-78394cafbd51');
INSERT INTO public.product_categories (product_id, category_id) VALUES ('5642642c-2b40-4a9a-b836-b330a51b4b08', 'f1341dff-415a-4e17-8262-5549273d6b1d');
INSERT INTO public.product_categories (product_id, category_id) VALUES ('e4b8f511-c756-4ebd-b3ac-c3d6acd404ff', 'f1341dff-415a-4e17-8262-5549273d6b1d');
INSERT INTO public.product_categories (product_id, category_id) VALUES ('aece1055-9f84-46f0-871b-23685286b30e', 'fc57ced6-8e7f-449e-860d-6fd7fcab1081');
INSERT INTO public.product_categories (product_id, category_id) VALUES ('a5c5d143-3474-454c-9fa2-9e40763a6c28', 'fc57ced6-8e7f-449e-860d-6fd7fcab1081');
INSERT INTO public.product_categories (product_id, category_id) VALUES ('22fcb62b-285a-4829-93ad-23df83e3d5ea', 'fc57ced6-8e7f-449e-860d-6fd7fcab1081');
INSERT INTO public.product_categories (product_id, category_id) VALUES ('47f2a4af-d2f5-42e5-834f-2c2657973ea0', '8ef857d3-fd72-4595-8339-a4f25e83dab7');
INSERT INTO public.product_categories (product_id, category_id) VALUES ('e89d71ac-8453-48d5-96fe-89309d07d6c3', 'f1341dff-415a-4e17-8262-5549273d6b1d');
INSERT INTO public.product_categories (product_id, category_id) VALUES ('a1524004-4ffd-4f39-946b-7be5ac5eb02e', 'f1341dff-415a-4e17-8262-5549273d6b1d');
INSERT INTO public.product_categories (product_id, category_id) VALUES ('862ef68f-4718-48f1-b200-aea50a5f9c74', 'f1341dff-415a-4e17-8262-5549273d6b1d');
INSERT INTO public.product_categories (product_id, category_id) VALUES ('e4165102-b059-4dfc-b728-251b0402b9c9', '70c01ac7-0184-4d49-9e17-8887cfd4cf7c');
INSERT INTO public.product_categories (product_id, category_id) VALUES ('ec038c72-1ccb-4bf2-8c32-fbfd6d3c410e', '70c01ac7-0184-4d49-9e17-8887cfd4cf7c');
INSERT INTO public.product_categories (product_id, category_id) VALUES ('0e525331-2927-4fb8-a1fa-fade37d06f2b', 'f1341dff-415a-4e17-8262-5549273d6b1d');
INSERT INTO public.product_categories (product_id, category_id) VALUES ('c30ef233-c253-46f5-aa17-d7c7c9aafb19', 'fc57ced6-8e7f-449e-860d-6fd7fcab1081');
INSERT INTO public.product_categories (product_id, category_id) VALUES ('49302d06-cb5c-4ba2-8593-1a83ce84856b', '330f3e55-c35d-411b-afff-3d2184e0f3b9');
INSERT INTO public.product_categories (product_id, category_id) VALUES ('0682376b-8883-45bc-8f08-42940aa36471', '70c01ac7-0184-4d49-9e17-8887cfd4cf7c');
INSERT INTO public.product_categories (product_id, category_id) VALUES ('7e8ad1e1-3af3-457f-8a77-111a9b3926f6', '70c01ac7-0184-4d49-9e17-8887cfd4cf7c');
INSERT INTO public.product_categories (product_id, category_id) VALUES ('7d7b7d52-2c04-4eeb-b463-51fefa0ed4ba', '8ef857d3-fd72-4595-8339-a4f25e83dab7');
INSERT INTO public.product_categories (product_id, category_id) VALUES ('dba386f5-21f6-4116-be19-84a698734686', '8ef857d3-fd72-4595-8339-a4f25e83dab7');
INSERT INTO public.product_categories (product_id, category_id) VALUES ('deee2959-4898-4c00-bf7e-92f604867d7f', '8ef857d3-fd72-4595-8339-a4f25e83dab7');
INSERT INTO public.product_categories (product_id, category_id) VALUES ('c2364c8c-3bd0-4fba-ae05-39ba82961cab', 'f1341dff-415a-4e17-8262-5549273d6b1d');
INSERT INTO public.product_categories (product_id, category_id) VALUES ('c59c4e36-e64d-471b-bbad-0b2ce7d84b62', '8ef857d3-fd72-4595-8339-a4f25e83dab7');
INSERT INTO public.product_categories (product_id, category_id) VALUES ('11892a60-9009-4174-b787-013b801d7712', 'fc57ced6-8e7f-449e-860d-6fd7fcab1081');
INSERT INTO public.product_categories (product_id, category_id) VALUES ('6caa00bf-9fa7-4113-9462-f8b6774b3d3b', '8ef857d3-fd72-4595-8339-a4f25e83dab7');
INSERT INTO public.product_categories (product_id, category_id) VALUES ('534aa53b-f71a-4f17-8621-592b8355938e', '8ef857d3-fd72-4595-8339-a4f25e83dab7');
INSERT INTO public.product_categories (product_id, category_id) VALUES ('351d9087-0bcf-4006-9cea-e4f851bad03b', '8ef857d3-fd72-4595-8339-a4f25e83dab7');
INSERT INTO public.product_categories (product_id, category_id) VALUES ('b4084fac-7986-499e-b0b9-73dce238778e', '330f3e55-c35d-411b-afff-3d2184e0f3b9');
INSERT INTO public.product_categories (product_id, category_id) VALUES ('19e7c520-1a9e-41ab-b98d-56ff65600e42', 'fc57ced6-8e7f-449e-860d-6fd7fcab1081');
INSERT INTO public.product_categories (product_id, category_id) VALUES ('bcb69066-ef26-4eec-bf4d-e4b1804a22eb', '330f3e55-c35d-411b-afff-3d2184e0f3b9');
INSERT INTO public.product_categories (product_id, category_id) VALUES ('22dd7dce-9e50-4e4d-aa14-7ca7ca932ee1', 'fc57ced6-8e7f-449e-860d-6fd7fcab1081');
INSERT INTO public.product_categories (product_id, category_id) VALUES ('82bfbdeb-a6ad-4560-a41b-e53b2ef3f6fa', 'fc57ced6-8e7f-449e-860d-6fd7fcab1081');
INSERT INTO public.product_categories (product_id, category_id) VALUES ('001f1af8-f6d2-432f-bf7f-ca3c7ff54caa', 'fc57ced6-8e7f-449e-860d-6fd7fcab1081');
INSERT INTO public.product_categories (product_id, category_id) VALUES ('03f7aaa5-c9ca-4514-8ca1-823144b3cad8', 'fc57ced6-8e7f-449e-860d-6fd7fcab1081');
INSERT INTO public.product_categories (product_id, category_id) VALUES ('ab0bdb1f-be0c-450a-9310-8f385bd345af', '70c01ac7-0184-4d49-9e17-8887cfd4cf7c');
INSERT INTO public.product_categories (product_id, category_id) VALUES ('d1a774cd-fbe9-4e49-9733-1df7ede9efe5', '8ef857d3-fd72-4595-8339-a4f25e83dab7');
INSERT INTO public.product_categories (product_id, category_id) VALUES ('0f44ea7e-6ce6-408f-acae-da3fcac2da75', 'f1341dff-415a-4e17-8262-5549273d6b1d');
INSERT INTO public.product_categories (product_id, category_id) VALUES ('ccdfbe5e-1ea2-46a7-a1df-80ee96a49b79', 'f1341dff-415a-4e17-8262-5549273d6b1d');
INSERT INTO public.product_categories (product_id, category_id) VALUES ('2fc78507-9b22-4409-a2de-e4aa1c7f02fc', 'f1341dff-415a-4e17-8262-5549273d6b1d');
INSERT INTO public.product_categories (product_id, category_id) VALUES ('9eafd76f-0a3d-4c70-8e0e-6b6587306568', '330f3e55-c35d-411b-afff-3d2184e0f3b9');
INSERT INTO public.product_categories (product_id, category_id) VALUES ('b782bb9d-89e7-4644-baa7-02aecb9fb771', '330f3e55-c35d-411b-afff-3d2184e0f3b9');
INSERT INTO public.product_categories (product_id, category_id) VALUES ('156b21d9-f5e5-4b05-b55a-317a5553ea1b', 'f1341dff-415a-4e17-8262-5549273d6b1d');
INSERT INTO public.product_categories (product_id, category_id) VALUES ('29c9c6b2-e6e1-4b03-873c-212b9b6bd362', 'f1341dff-415a-4e17-8262-5549273d6b1d');
INSERT INTO public.product_categories (product_id, category_id) VALUES ('63196c18-5b3f-4fdb-a045-343b597dc3e5', '330f3e55-c35d-411b-afff-3d2184e0f3b9');
INSERT INTO public.product_categories (product_id, category_id) VALUES ('bb48b6a8-41b6-4259-94bc-0357cb0e8147', '330f3e55-c35d-411b-afff-3d2184e0f3b9');
INSERT INTO public.product_categories (product_id, category_id) VALUES ('29d75a27-24c7-46fc-b9d6-d39ac9b48ee0', 'f13b7270-b3c6-449b-b1d0-78394cafbd51');
INSERT INTO public.product_categories (product_id, category_id) VALUES ('6062980f-c286-462d-8dbb-5681fb8ee3ca', 'f13b7270-b3c6-449b-b1d0-78394cafbd51');
INSERT INTO public.product_categories (product_id, category_id) VALUES ('be2904ae-52bf-47e0-936e-d3eaa537703b', '330f3e55-c35d-411b-afff-3d2184e0f3b9');
INSERT INTO public.product_categories (product_id, category_id) VALUES ('d89127e7-db18-426d-870b-dd2a8349c31e', '330f3e55-c35d-411b-afff-3d2184e0f3b9');
INSERT INTO public.product_categories (product_id, category_id) VALUES ('0ac33b65-fb7d-4c82-a550-b9c1193990e8', '70c01ac7-0184-4d49-9e17-8887cfd4cf7c');
INSERT INTO public.product_categories (product_id, category_id) VALUES ('1d16b4ed-fd52-42b9-8056-192dc4e26440', '70c01ac7-0184-4d49-9e17-8887cfd4cf7c');
INSERT INTO public.product_categories (product_id, category_id) VALUES ('6d304abd-ab55-480f-aef7-2bb3b63fc99d', '70c01ac7-0184-4d49-9e17-8887cfd4cf7c');
INSERT INTO public.product_categories (product_id, category_id) VALUES ('67382f18-6294-49c9-9974-3de82a691130', '8ef857d3-fd72-4595-8339-a4f25e83dab7');
INSERT INTO public.product_categories (product_id, category_id) VALUES ('0e6cd462-5bae-4cd1-8eda-2a389991cc70', 'f13b7270-b3c6-449b-b1d0-78394cafbd51');
INSERT INTO public.product_categories (product_id, category_id) VALUES ('ef150f64-201a-43eb-96ec-c2d30259a0e1', '8ef857d3-fd72-4595-8339-a4f25e83dab7');
INSERT INTO public.product_categories (product_id, category_id) VALUES ('45501fd9-9ca1-4dd3-a3ed-813d0267e94d', '8ef857d3-fd72-4595-8339-a4f25e83dab7');
INSERT INTO public.product_categories (product_id, category_id) VALUES ('b031b2d5-b448-424d-a007-50138a0e9713', '8ef857d3-fd72-4595-8339-a4f25e83dab7');
INSERT INTO public.product_categories (product_id, category_id) VALUES ('23c7fa97-2a61-4879-9658-2f309fef53df', 'f1341dff-415a-4e17-8262-5549273d6b1d');
INSERT INTO public.product_categories (product_id, category_id) VALUES ('2fe6e005-a674-4344-a4f8-34564516caed', 'f13b7270-b3c6-449b-b1d0-78394cafbd51');
INSERT INTO public.product_categories (product_id, category_id) VALUES ('9fcc0f19-8717-43c3-a8f6-90afb8eb2159', 'f13b7270-b3c6-449b-b1d0-78394cafbd51');
INSERT INTO public.product_categories (product_id, category_id) VALUES ('5a5eba12-3e7a-43d7-b046-8471075a71b7', 'fc57ced6-8e7f-449e-860d-6fd7fcab1081');
INSERT INTO public.product_categories (product_id, category_id) VALUES ('59747552-964f-4667-bfb4-e0742e8a0746', '70c01ac7-0184-4d49-9e17-8887cfd4cf7c');
INSERT INTO public.product_categories (product_id, category_id) VALUES ('bde3cea7-fdc4-4e99-836c-bdfc7a1d4a43', '70c01ac7-0184-4d49-9e17-8887cfd4cf7c');
INSERT INTO public.product_categories (product_id, category_id) VALUES ('68fae0f7-734a-455b-9681-338fed6c01f7', '330f3e55-c35d-411b-afff-3d2184e0f3b9');
INSERT INTO public.product_categories (product_id, category_id) VALUES ('46cc38b2-a9da-4e89-85e0-0f05f050e876', '330f3e55-c35d-411b-afff-3d2184e0f3b9');
INSERT INTO public.product_categories (product_id, category_id) VALUES ('276f83b5-bc2f-4368-9c82-5085b8748958', 'fc57ced6-8e7f-449e-860d-6fd7fcab1081');
INSERT INTO public.product_categories (product_id, category_id) VALUES ('0707ffcf-4c43-49f4-89e4-55aea6efe919', 'f13b7270-b3c6-449b-b1d0-78394cafbd51');
INSERT INTO public.product_categories (product_id, category_id) VALUES ('8c98c8a7-1635-40d8-aa67-ea39abb0e3a2', '330f3e55-c35d-411b-afff-3d2184e0f3b9');

-- ADMIN USERS
-- admin_users (1 registros)

INSERT INTO public.admin_users (id, user_id, created_at) VALUES ('9e827698-bfcc-4447-adfa-1d0d84ff1af9', '63bcd7bb-63e6-4b31-a338-cf06831572a1', '2026-07-16T03:03:39.720662+00:00');

-- USER PROFILES
-- user_profiles (1 registros)

INSERT INTO public.user_profiles (id, user_id, display_name, avatar_url, created_at, updated_at, current_car, favorite_shampoo, favorite_wax, favorite_tire_dressing, favorite_brand_id, email_verified) VALUES ('05371905-86be-4200-a2af-7e38aa3f1a84', '63bcd7bb-63e6-4b31-a338-cf06831572a1', 'Lucas Horst', NULL, '2026-07-14T02:58:41.625533+00:00', '2026-07-21T20:10:47.073411+00:00', 'BMW 320i', NULL, NULL, NULL, '932d8081-e1dc-49e9-921d-2524688ee6a1', true);

-- COLLECTIONS
-- collections (3 registros)

INSERT INTO public.collections (id, slug, title, description, cover_image, display_order, is_featured, created_at) VALUES ('53e32497-6888-44d9-87ad-06cc65fdcbf9', 'kit-iniciante', 'Kit Iniciante', 'Tudo que você precisa para começar no mundo da estética automotiva sem desperdiçar dinheiro.', NULL, 1, true, '2026-07-16T22:46:32.729969+00:00');
INSERT INTO public.collections (id, slug, title, description, cover_image, display_order, is_featured, created_at) VALUES ('e88fb8fb-c1d3-4266-965a-9d607fe27893', 'lavagem-rapida', 'Lavagem Rápida 15min', 'Produtos para uma lavagem eficiente quando o tempo está curto.', NULL, 2, true, '2026-07-16T22:46:32.729969+00:00');
INSERT INTO public.collections (id, slug, title, description, cover_image, display_order, is_featured, created_at) VALUES ('8bd00dfd-b02d-4f8d-b50c-76a15741c99d', 'pro-grade', 'Pro Grade', 'Ferramentas e produtos usados por profissionais da estética automotiva.', NULL, 3, false, '2026-07-16T22:46:32.729969+00:00');

-- COLLECTION ITEMS
-- collection_items (11 registros)

INSERT INTO public.collection_items (id, collection_id, product_id, display_order, note) VALUES ('3c26ad83-a745-4078-af0d-07cd35c85f3c', '53e32497-6888-44d9-87ad-06cc65fdcbf9', 'b31d52ff-cfe1-43cc-9173-bab2d3ec6625', 1, 'O shampoo é a base de tudo.');
INSERT INTO public.collection_items (id, collection_id, product_id, display_order, note) VALUES ('d367a434-18de-4730-892c-c1c0516390e5', '53e32497-6888-44d9-87ad-06cc65fdcbf9', 'f5048bd2-acc6-4084-9225-ff20f2f0f8f8', 2, 'Proteção essencial para a pintura.');
INSERT INTO public.collection_items (id, collection_id, product_id, display_order, note) VALUES ('f472ecb7-defb-4ba9-a014-c69cb999bd77', '53e32497-6888-44d9-87ad-06cc65fdcbf9', '20c29ace-e64b-441a-93b2-7921bef5795a', 3, 'Pneus pretos fazem toda a diferença.');
INSERT INTO public.collection_items (id, collection_id, product_id, display_order, note) VALUES ('48628920-fddd-4f58-8cd1-add25a061a12', '53e32497-6888-44d9-87ad-06cc65fdcbf9', 'a6cd85c0-ac92-4264-9d99-692a85cfa083', 4, 'Interior limpo é conforto.');
INSERT INTO public.collection_items (id, collection_id, product_id, display_order, note) VALUES ('cb5d992f-c4c4-4440-83b1-8c54dfc2ba55', 'e88fb8fb-c1d3-4266-965a-9d607fe27893', 'b31d52ff-cfe1-43cc-9173-bab2d3ec6625', 1, NULL);
INSERT INTO public.collection_items (id, collection_id, product_id, display_order, note) VALUES ('67995942-bd51-4ef9-b0c8-639ed1d48de8', 'e88fb8fb-c1d3-4266-965a-9d607fe27893', 'e4165102-b059-4dfc-b728-251b0402b9c9', 2, NULL);
INSERT INTO public.collection_items (id, collection_id, product_id, display_order, note) VALUES ('ab3428b0-2529-4339-855b-dccdc3ef1df5', 'e88fb8fb-c1d3-4266-965a-9d607fe27893', '20c29ace-e64b-441a-93b2-7921bef5795a', 3, NULL);
INSERT INTO public.collection_items (id, collection_id, product_id, display_order, note) VALUES ('4b4f580d-8a3b-45e0-a18f-420ea99c1153', 'e88fb8fb-c1d3-4266-965a-9d607fe27893', '431c72bf-fb85-4af5-bbe8-8e09b23c2b82', 4, NULL);
INSERT INTO public.collection_items (id, collection_id, product_id, display_order, note) VALUES ('8af65095-5ac5-48fd-97fe-90a87885d01d', '8bd00dfd-b02d-4f8d-b50c-76a15741c99d', '6cf45522-726d-4377-b11f-f1d0db21a77d', 1, NULL);
INSERT INTO public.collection_items (id, collection_id, product_id, display_order, note) VALUES ('483a8c02-ceb0-4535-88e1-08029fcbf7c4', '8bd00dfd-b02d-4f8d-b50c-76a15741c99d', 'bb812a11-3bd4-4541-b3c8-c787309b07ca', 2, NULL);
INSERT INTO public.collection_items (id, collection_id, product_id, display_order, note) VALUES ('639f188e-7f14-48cc-9850-bff56fc8631c', '8bd00dfd-b02d-4f8d-b50c-76a15741c99d', 'f5048bd2-acc6-4084-9225-ff20f2f0f8f8', 3, NULL);

-- GUIDES
-- guides (2 registros)

INSERT INTO public.guides (id, slug, title, description, cover_image, category_id, created_at) VALUES ('68882c95-a77d-4356-b5e9-13fffca69051', 'qual-cera-escolher', 'Qual cera ou selante escolher?', 'Descubra a proteção ideal para seu carro baseada no seu perfil de uso.', NULL, NULL, '2026-07-16T22:46:32.729969+00:00');
INSERT INTO public.guides (id, slug, title, description, cover_image, category_id, created_at) VALUES ('306137bb-73c6-468b-afee-761ee92c74a0', 'qual-shampoo-usar', 'Qual shampoo usar?', 'Encontre o shampoo certo considerando seu tipo de lavagem e proteção atual.', NULL, NULL, '2026-07-16T22:46:32.729969+00:00');

-- GUIDE PRODUCTS
-- guide_products (3 registros)

INSERT INTO public.guide_products (id, guide_id, product_id, match_label, display_order) VALUES ('1e6b98cd-90e9-415c-9e98-71922f57220d', '68882c95-a77d-4356-b5e9-13fffca69051', 'f5048bd2-acc6-4084-9225-ff20f2f0f8f8', 'Para uso semanal e brilho intenso', 1);
INSERT INTO public.guide_products (id, guide_id, product_id, match_label, display_order) VALUES ('ae19092e-b903-4a9b-862a-32bc4377ca9a', '68882c95-a77d-4356-b5e9-13fffca69051', 'bb812a11-3bd4-4541-b3c8-c787309b07ca', 'Para proteção de longa duração (3+ meses)', 2);
INSERT INTO public.guide_products (id, guide_id, product_id, match_label, display_order) VALUES ('4f10f511-5b6d-4b6c-b5ef-230b85b377b0', '306137bb-73c6-468b-afee-761ee92c74a0', 'b31d52ff-cfe1-43cc-9173-bab2d3ec6625', 'Para lavagem semanal com diluição econômica', 1);

-- SPOTLIGHT
-- spotlight (1 registros)

INSERT INTO public.spotlight (id, product_id, week_start, editorial_text, created_at) VALUES ('4879138c-eb10-4983-9ca7-eaa739e0144e', '8c98c8a7-1635-40d8-aa67-ea39abb0e3a2', '2026-07-16', 'Este produto chamou nossa atenção pela combinação de performance, rendimento e custo-benefício. Uma daquelas descobertas que vira favorito rapidamente.', '2026-07-16T22:46:32.729969+00:00');

-- CUSTOMER REVIEWS
-- customer_reviews (1 registros)

INSERT INTO public.customer_reviews (id, product_id, author_name, rating, title, comment, created_at, user_id, is_deleted, deleted_by, deleted_at) VALUES ('c20f5d98-0fbb-4e8c-a3e1-875684cf425f', '8c98c8a7-1635-40d8-aa67-ea39abb0e3a2', 'lucashorst@hotmail.com', 5, 'Teste', 'TesteTesteTesteTeste', '2026-07-17T16:11:49.568442+00:00', '63bcd7bb-63e6-4b31-a338-cf06831572a1', false, NULL, NULL);

-- CATEGORY SLUG HISTORY
-- category_slug_history (7 registros)

INSERT INTO public.category_slug_history (id, category_id, slug, created_at) VALUES ('30fb79e0-1a7e-4d54-b2f2-c61aa7b0bf20', '330f3e55-c35d-411b-afff-3d2184e0f3b9', 'shampoos-limpeza', '2026-07-19T17:02:32.45277+00:00');
INSERT INTO public.category_slug_history (id, category_id, slug, created_at) VALUES ('497f22e0-1024-45fd-aecd-1cc0ee08660c', 'fc57ced6-8e7f-449e-860d-6fd7fcab1081', 'detalhamento-interno', '2026-07-19T17:02:32.45277+00:00');
INSERT INTO public.category_slug_history (id, category_id, slug, created_at) VALUES ('38423238-293f-4d00-a213-d8184b36edf5', 'f1341dff-415a-4e17-8262-5549273d6b1d', 'ceras-selantes', '2026-07-19T17:02:32.45277+00:00');
INSERT INTO public.category_slug_history (id, category_id, slug, created_at) VALUES ('761b3633-bc33-4158-b4ce-7bed1923a003', '70c01ac7-0184-4d49-9e17-8887cfd4cf7c', 'vidros-cristalizadores', '2026-07-19T17:02:32.45277+00:00');
INSERT INTO public.category_slug_history (id, category_id, slug, created_at) VALUES ('066a66be-9b24-46f3-a79e-98a47836da4f', 'f13b7270-b3c6-449b-b1d0-78394cafbd51', 'polimentos-compounds', '2026-07-19T17:02:32.45277+00:00');
INSERT INTO public.category_slug_history (id, category_id, slug, created_at) VALUES ('e2f70a24-b241-4b80-a435-909c20b8387e', '8ef857d3-fd72-4595-8339-a4f25e83dab7', 'aromatizantes-perfumes', '2026-07-19T17:02:32.45277+00:00');
INSERT INTO public.category_slug_history (id, category_id, slug, created_at) VALUES ('2c810d4d-16ce-4cb5-89b4-2b50807ef5f8', '330f3e55-c35d-411b-afff-3d2184e0f3b9', 'shampoo-e-limpeza-externa', '2026-07-20T00:44:19.410732+00:00');

-- ADMIN AUDIT LOGS
-- admin_audit_logs (14 registros)

INSERT INTO public.admin_audit_logs (id, actor_id, actor_email, entity_type, entity_id, entity_label, action, changed_fields, previous_data, current_data, created_at) VALUES ('55add29a-62d0-430c-a5ba-6289e7b39ed0', '63bcd7bb-63e6-4b31-a338-cf06831572a1', 'lucashorst@hotmail.com', 'category', '8ef857d3-fd72-4595-8339-a4f25e83dab7', 'Aromatizantes', 'update', ARRAY['icon']::text[], '{"id": "8ef857d3-fd72-4595-8339-a4f25e83dab7", "icon": "🧴", "name": "Aromatizantes", "slug": "aromatizantes", "created_at": "2026-07-12T00:03:53.846287+00:00", "cover_image": null, "description": "Aromatizantes, perfumes e odorizadores para o interior do veículo.", "display_order": 8}'::jsonb, '{"id": "8ef857d3-fd72-4595-8339-a4f25e83dab7", "icon": "🌼", "name": "Aromatizantes", "slug": "aromatizantes", "created_at": "2026-07-12T00:03:53.846287+00:00", "cover_image": null, "description": "Aromatizantes, perfumes e odorizadores para o interior do veículo.", "display_order": 8}'::jsonb, '2026-07-21T20:14:52.063965+00:00');
INSERT INTO public.admin_audit_logs (id, actor_id, actor_email, entity_type, entity_id, entity_label, action, changed_fields, previous_data, current_data, created_at) VALUES ('2a807b69-6c7b-45c7-ba5a-5329c6e48b21', '63bcd7bb-63e6-4b31-a338-cf06831572a1', 'lucashorst@hotmail.com', 'category', 'b1343dd8-ae32-4239-a176-6af36a42cb64', 'Acessórios e Ferramentas', 'update', ARRAY['icon']::text[], '{"id": "b1343dd8-ae32-4239-a176-6af36a42cb64", "icon": "🔧", "name": "Acessórios e Ferramentas", "slug": "acessorios-e-ferramentas", "created_at": "2026-07-19T17:02:32.45277+00:00", "cover_image": null, "description": null, "display_order": 7}'::jsonb, '{"id": "b1343dd8-ae32-4239-a176-6af36a42cb64", "icon": "🛠️", "name": "Acessórios e Ferramentas", "slug": "acessorios-e-ferramentas", "created_at": "2026-07-19T17:02:32.45277+00:00", "cover_image": null, "description": null, "display_order": 7}'::jsonb, '2026-07-21T20:13:53.831661+00:00');
INSERT INTO public.admin_audit_logs (id, actor_id, actor_email, entity_type, entity_id, entity_label, action, changed_fields, previous_data, current_data, created_at) VALUES ('27075b96-bb5e-4d41-b1b0-924e432a07f5', '63bcd7bb-63e6-4b31-a338-cf06831572a1', 'lucashorst@hotmail.com', 'category', '70c01ac7-0184-4d49-9e17-8887cfd4cf7c', 'Limpeza de Vidros', 'update', ARRAY['icon']::text[], '{"id": "70c01ac7-0184-4d49-9e17-8887cfd4cf7c", "icon": "⭐", "name": "Limpeza de Vidros", "slug": "limpeza-de-vidros", "created_at": "2026-07-12T00:03:53.846287+00:00", "cover_image": null, "description": "Produtos para limpeza, cristalização e repelência de vidros automotivos.", "display_order": 4}'::jsonb, '{"id": "70c01ac7-0184-4d49-9e17-8887cfd4cf7c", "icon": "👁️", "name": "Limpeza de Vidros", "slug": "limpeza-de-vidros", "created_at": "2026-07-12T00:03:53.846287+00:00", "cover_image": null, "description": "Produtos para limpeza, cristalização e repelência de vidros automotivos.", "display_order": 4}'::jsonb, '2026-07-21T20:13:19.84142+00:00');
INSERT INTO public.admin_audit_logs (id, actor_id, actor_email, entity_type, entity_id, entity_label, action, changed_fields, previous_data, current_data, created_at) VALUES ('4ee39196-7cf6-499d-a3ac-576c985610b1', '63bcd7bb-63e6-4b31-a338-cf06831572a1', 'lucashorst@hotmail.com', 'category', 'fc57ced6-8e7f-449e-860d-6fd7fcab1081', 'Limpeza Interna', 'update', ARRAY['icon']::text[], '{"id": "fc57ced6-8e7f-449e-860d-6fd7fcab1081", "icon": "🧽", "name": "Limpeza Interna", "slug": "limpeza-interna", "created_at": "2026-07-11T20:06:38.696513+00:00", "cover_image": null, "description": "Produtos para limpeza e cuidado do interior do veículo, incluindo limpa-estofados, hidratantes e desodorizantes.", "display_order": 2}'::jsonb, '{"id": "fc57ced6-8e7f-449e-860d-6fd7fcab1081", "icon": "💺", "name": "Limpeza Interna", "slug": "limpeza-interna", "created_at": "2026-07-11T20:06:38.696513+00:00", "cover_image": null, "description": "Produtos para limpeza e cuidado do interior do veículo, incluindo limpa-estofados, hidratantes e desodorizantes.", "display_order": 2}'::jsonb, '2026-07-21T20:12:54.45873+00:00');
INSERT INTO public.admin_audit_logs (id, actor_id, actor_email, entity_type, entity_id, entity_label, action, changed_fields, previous_data, current_data, created_at) VALUES ('20525d99-55f0-4a4e-b09a-88211558996a', '63bcd7bb-63e6-4b31-a338-cf06831572a1', 'lucashorst@hotmail.com', 'category', '0692de62-db73-4a92-9385-d586d96e384c', 'Pneus e Rodas', 'update', ARRAY['icon']::text[], '{"id": "0692de62-db73-4a92-9385-d586d96e384c", "icon": "🚗", "name": "Pneus e Rodas", "slug": "pneus-e-rodas", "created_at": "2026-07-20T00:44:19.410732+00:00", "cover_image": null, "description": null, "display_order": 6}'::jsonb, '{"id": "0692de62-db73-4a92-9385-d586d96e384c", "icon": "🛞", "name": "Pneus e Rodas", "slug": "pneus-e-rodas", "created_at": "2026-07-20T00:44:19.410732+00:00", "cover_image": null, "description": null, "display_order": 6}'::jsonb, '2026-07-21T20:12:39.781007+00:00');
INSERT INTO public.admin_audit_logs (id, actor_id, actor_email, entity_type, entity_id, entity_label, action, changed_fields, previous_data, current_data, created_at) VALUES ('150dd188-6b2d-478b-9ed5-c603c5d17b54', '63bcd7bb-63e6-4b31-a338-cf06831572a1', 'lucashorst@hotmail.com', 'category', 'f13b7270-b3c6-449b-b1d0-78394cafbd51', 'Polimento e Vitrificadores', 'update', ARRAY['icon']::text[], '{"id": "f13b7270-b3c6-449b-b1d0-78394cafbd51", "icon": "sparkles", "name": "Polimento e Vitrificadores", "slug": "polimento-e-vitrificadores", "created_at": "2026-07-11T20:06:38.696513+00:00", "cover_image": null, "description": "Produtos para correção de pintura, incluindo compostos de corte, polidores e massas de polir.", "display_order": 5}'::jsonb, '{"id": "f13b7270-b3c6-449b-b1d0-78394cafbd51", "icon": "✨", "name": "Polimento e Vitrificadores", "slug": "polimento-e-vitrificadores", "created_at": "2026-07-11T20:06:38.696513+00:00", "cover_image": null, "description": "Produtos para correção de pintura, incluindo compostos de corte, polidores e massas de polir.", "display_order": 5}'::jsonb, '2026-07-21T02:33:26.944163+00:00');
INSERT INTO public.admin_audit_logs (id, actor_id, actor_email, entity_type, entity_id, entity_label, action, changed_fields, previous_data, current_data, created_at) VALUES ('4d3eae15-56f0-4bd3-9425-4d2473718db7', '63bcd7bb-63e6-4b31-a338-cf06831572a1', 'lucashorst@hotmail.com', 'category', '0692de62-db73-4a92-9385-d586d96e384c', 'Pneus e Rodas', 'update', ARRAY['icon']::text[], '{"id": "0692de62-db73-4a92-9385-d586d96e384c", "icon": "circle-dot", "name": "Pneus e Rodas", "slug": "pneus-e-rodas", "created_at": "2026-07-20T00:44:19.410732+00:00", "cover_image": null, "description": null, "display_order": 6}'::jsonb, '{"id": "0692de62-db73-4a92-9385-d586d96e384c", "icon": "🚗", "name": "Pneus e Rodas", "slug": "pneus-e-rodas", "created_at": "2026-07-20T00:44:19.410732+00:00", "cover_image": null, "description": null, "display_order": 6}'::jsonb, '2026-07-21T02:33:22.801994+00:00');
INSERT INTO public.admin_audit_logs (id, actor_id, actor_email, entity_type, entity_id, entity_label, action, changed_fields, previous_data, current_data, created_at) VALUES ('dc8954f3-4d15-4424-8d43-4fc7b663bd76', '63bcd7bb-63e6-4b31-a338-cf06831572a1', 'lucashorst@hotmail.com', 'category', 'fc57ced6-8e7f-449e-860d-6fd7fcab1081', 'Limpeza Interna', 'update', ARRAY['icon']::text[], '{"id": "fc57ced6-8e7f-449e-860d-6fd7fcab1081", "icon": "armchair", "name": "Limpeza Interna", "slug": "limpeza-interna", "created_at": "2026-07-11T20:06:38.696513+00:00", "cover_image": null, "description": "Produtos para limpeza e cuidado do interior do veículo, incluindo limpa-estofados, hidratantes e desodorizantes.", "display_order": 2}'::jsonb, '{"id": "fc57ced6-8e7f-449e-860d-6fd7fcab1081", "icon": "🧽", "name": "Limpeza Interna", "slug": "limpeza-interna", "created_at": "2026-07-11T20:06:38.696513+00:00", "cover_image": null, "description": "Produtos para limpeza e cuidado do interior do veículo, incluindo limpa-estofados, hidratantes e desodorizantes.", "display_order": 2}'::jsonb, '2026-07-21T02:33:16.535496+00:00');
INSERT INTO public.admin_audit_logs (id, actor_id, actor_email, entity_type, entity_id, entity_label, action, changed_fields, previous_data, current_data, created_at) VALUES ('d8707c13-7d00-4616-931f-98354cb37122', '63bcd7bb-63e6-4b31-a338-cf06831572a1', 'lucashorst@hotmail.com', 'category', '330f3e55-c35d-411b-afff-3d2184e0f3b9', 'Limpeza Externa', 'update', ARRAY['icon']::text[], '{"id": "330f3e55-c35d-411b-afff-3d2184e0f3b9", "icon": "droplet", "name": "Limpeza Externa", "slug": "limpeza-externa", "created_at": "2026-07-11T20:06:38.696513+00:00", "cover_image": null, "description": "Produtos para lavagem e limpeza automotiva, incluindo shampoos neutros, descontaminantes e lava-rápidos.", "display_order": 1}'::jsonb, '{"id": "330f3e55-c35d-411b-afff-3d2184e0f3b9", "icon": "💧", "name": "Limpeza Externa", "slug": "limpeza-externa", "created_at": "2026-07-11T20:06:38.696513+00:00", "cover_image": null, "description": "Produtos para lavagem e limpeza automotiva, incluindo shampoos neutros, descontaminantes e lava-rápidos.", "display_order": 1}'::jsonb, '2026-07-21T02:33:08.401654+00:00');
INSERT INTO public.admin_audit_logs (id, actor_id, actor_email, entity_type, entity_id, entity_label, action, changed_fields, previous_data, current_data, created_at) VALUES ('944cf8b9-3afa-4966-8304-9edc5fef2cc0', '63bcd7bb-63e6-4b31-a338-cf06831572a1', 'lucashorst@hotmail.com', 'category', '70c01ac7-0184-4d49-9e17-8887cfd4cf7c', 'Limpeza de Vidros', 'update', ARRAY['icon']::text[], '{"id": "70c01ac7-0184-4d49-9e17-8887cfd4cf7c", "icon": "eye", "name": "Limpeza de Vidros", "slug": "limpeza-de-vidros", "created_at": "2026-07-12T00:03:53.846287+00:00", "cover_image": null, "description": "Produtos para limpeza, cristalização e repelência de vidros automotivos.", "display_order": 4}'::jsonb, '{"id": "70c01ac7-0184-4d49-9e17-8887cfd4cf7c", "icon": "⭐", "name": "Limpeza de Vidros", "slug": "limpeza-de-vidros", "created_at": "2026-07-12T00:03:53.846287+00:00", "cover_image": null, "description": "Produtos para limpeza, cristalização e repelência de vidros automotivos.", "display_order": 4}'::jsonb, '2026-07-21T02:33:03.866752+00:00');
INSERT INTO public.admin_audit_logs (id, actor_id, actor_email, entity_type, entity_id, entity_label, action, changed_fields, previous_data, current_data, created_at) VALUES ('fb9a9dd3-7228-4179-8076-db84e80d08f8', '63bcd7bb-63e6-4b31-a338-cf06831572a1', 'lucashorst@hotmail.com', 'category', 'f1341dff-415a-4e17-8262-5549273d6b1d', 'Ceras e Selantes', 'update', ARRAY['icon']::text[], '{"id": "f1341dff-415a-4e17-8262-5549273d6b1d", "icon": "shield", "name": "Ceras e Selantes", "slug": "ceras-e-selantes", "created_at": "2026-07-11T20:06:38.696513+00:00", "cover_image": null, "description": "Ceras, selantes e protetores de pintura para proteção e brilho da superfície automotiva.", "display_order": 3}'::jsonb, '{"id": "f1341dff-415a-4e17-8262-5549273d6b1d", "icon": "🛡️", "name": "Ceras e Selantes", "slug": "ceras-e-selantes", "created_at": "2026-07-11T20:06:38.696513+00:00", "cover_image": null, "description": "Ceras, selantes e protetores de pintura para proteção e brilho da superfície automotiva.", "display_order": 3}'::jsonb, '2026-07-21T02:32:52.775061+00:00');
INSERT INTO public.admin_audit_logs (id, actor_id, actor_email, entity_type, entity_id, entity_label, action, changed_fields, previous_data, current_data, created_at) VALUES ('f92194eb-9eec-4543-b82c-ba2d781ecc55', '63bcd7bb-63e6-4b31-a338-cf06831572a1', 'lucashorst@hotmail.com', 'category', '8ef857d3-fd72-4595-8339-a4f25e83dab7', 'Aromatizantes', 'update', ARRAY['icon']::text[], '{"id": "8ef857d3-fd72-4595-8339-a4f25e83dab7", "icon": "spray-can", "name": "Aromatizantes", "slug": "aromatizantes", "created_at": "2026-07-12T00:03:53.846287+00:00", "cover_image": null, "description": "Aromatizantes, perfumes e odorizadores para o interior do veículo.", "display_order": 8}'::jsonb, '{"id": "8ef857d3-fd72-4595-8339-a4f25e83dab7", "icon": "🧴", "name": "Aromatizantes", "slug": "aromatizantes", "created_at": "2026-07-12T00:03:53.846287+00:00", "cover_image": null, "description": "Aromatizantes, perfumes e odorizadores para o interior do veículo.", "display_order": 8}'::jsonb, '2026-07-21T02:32:46.947787+00:00');
INSERT INTO public.admin_audit_logs (id, actor_id, actor_email, entity_type, entity_id, entity_label, action, changed_fields, previous_data, current_data, created_at) VALUES ('bcf996f7-a553-4f2f-b905-53ca0eddd5c9', '63bcd7bb-63e6-4b31-a338-cf06831572a1', 'lucashorst@hotmail.com', 'category', 'b1343dd8-ae32-4239-a176-6af36a42cb64', 'Acessórios e Ferramentas', 'update', ARRAY['icon']::text[], '{"id": "b1343dd8-ae32-4239-a176-6af36a42cb64", "icon": "wrench", "name": "Acessórios e Ferramentas", "slug": "acessorios-e-ferramentas", "created_at": "2026-07-19T17:02:32.45277+00:00", "cover_image": null, "description": null, "display_order": 7}'::jsonb, '{"id": "b1343dd8-ae32-4239-a176-6af36a42cb64", "icon": "🔧", "name": "Acessórios e Ferramentas", "slug": "acessorios-e-ferramentas", "created_at": "2026-07-19T17:02:32.45277+00:00", "cover_image": null, "description": null, "display_order": 7}'::jsonb, '2026-07-21T02:32:37.976781+00:00');
INSERT INTO public.admin_audit_logs (id, actor_id, actor_email, entity_type, entity_id, entity_label, action, changed_fields, previous_data, current_data, created_at) VALUES ('9f13844b-e93b-4cdc-ae4b-7770ec0c9e3c', '63bcd7bb-63e6-4b31-a338-cf06831572a1', 'lucashorst@hotmail.com', 'product', '8c98c8a7-1635-40d8-aa67-ea39abb0e3a2', 'MELON Shampoo Automotivo Super Concentrado EasyTech 5L', 'update', ARRAY['image_url']::text[], '{"id": "8c98c8a7-1635-40d8-aa67-ea39abb0e3a2", "name": "MELON Shampoo Automotivo Super Concentrado EasyTech 5L", "slug": "melon-shampoo-easytech-5l", "tags": [], "tips": null, "is_new": false, "rating": 5, "status": "published", "brand_id": "16ed7769-be17-4581-8fbd-90a4d5d6499b", "image_url": "https://images.tcdn.com.br/img/img_prod/1152560/melon_shampoo_automotivo_neutro_super_concentrado_1_20260610213915_50a258af2315.jpg", "usability": null, "created_at": "2026-07-12T00:05:02.697657+00:00", "publish_at": null, "category_id": "330f3e55-c35d-411b-afff-3d2184e0f3b9", "description": "O MELON é super concentrado, com alto poder de limpeza mesmo diluído em 1:400. pH neutro, promove alta lubrificação e brilho, sem remover ceras ou selantes. Ideal para uso profissional e hobista, oferece rendimento excepcional.", "is_featured": true, "published_at": "2026-07-12T01:41:14.20673+00:00", "review_count": 5, "variant_label": null, "gallery_images": [], "specifications": {"pH": "Neutro", "Marca": "EasyTech", "Volume": "5 Litros", "Diluição": "1:400"}, "parent_product_id": null, "short_description": "O melhor shampoo automotivo já produzido no Brasil. Super concentrado com diluição 1:400."}'::jsonb, '{"id": "8c98c8a7-1635-40d8-aa67-ea39abb0e3a2", "name": "MELON Shampoo Automotivo Super Concentrado EasyTech 5L", "slug": "melon-shampoo-easytech-5l", "tags": [], "tips": null, "is_new": false, "rating": 5, "status": "published", "brand_id": "16ed7769-be17-4581-8fbd-90a4d5d6499b", "image_url": "https://lmcaizvlzmppfphmavbo.supabase.co/storage/v1/object/public/product-images/products/8c98c8a7-1635-40d8-aa67-ea39abb0e3a2/63ff9413-86de-4dee-ac60-161c005c84c9.jpg", "usability": null, "created_at": "2026-07-12T00:05:02.697657+00:00", "publish_at": null, "category_id": "330f3e55-c35d-411b-afff-3d2184e0f3b9", "description": "O MELON é super concentrado, com alto poder de limpeza mesmo diluído em 1:400. pH neutro, promove alta lubrificação e brilho, sem remover ceras ou selantes. Ideal para uso profissional e hobista, oferece rendimento excepcional.", "is_featured": true, "published_at": "2026-07-12T01:41:14.20673+00:00", "review_count": 5, "variant_label": null, "gallery_images": [], "specifications": {"pH": "Neutro", "Marca": "EasyTech", "Volume": "5 Litros", "Diluição": "1:400"}, "parent_product_id": null, "short_description": "O melhor shampoo automotivo já produzido no Brasil. Super concentrado com diluição 1:400."}'::jsonb, '2026-07-18T06:08:03.472357+00:00');

-- SEARCH DOCUMENTS
-- search_documents (105 registros)

INSERT INTO public.search_documents (id, entity_type, entity_id, title, subtitle, short_description, search_text, keywords, slug, status, publish_at, image_url, rating, review_count, is_new, updated_at) VALUES ('cddf907a-db97-4a23-8d42-53ab0a2af2d6', 'product', '001f1af8-f6d2-432f-bf7f-ca3c7ff54caa', 'Acidus Fast Limpador de Uso Geral Uso Externo Vonixx 500ml', 'Vonixx', NULL, 'Vonixx Limpeza Interna', '{}'::text[], 'acidus-fast-limpador-de-uso-geral-uso-externo-vonixx-500ml', 'published', NULL, 'https://images.tcdn.com.br/img/img_prod/1152560/acidus_fast_limpador_de_uso_geral_uso_externo_vo_1_20251015005351_7ceb989344b8.jpg', 0, 0, false, '2026-07-19T17:02:32.45277+00:00');
INSERT INTO public.search_documents (id, entity_type, entity_id, title, subtitle, short_description, search_text, keywords, slug, status, publish_at, image_url, rating, review_count, is_new, updated_at) VALUES ('9546bbac-9045-4a47-ada3-6e87b83025e0', 'product', '22dd7dce-9e50-4e4d-aa14-7ca7ca932ee1', 'Acidus Pro Limpador de Uso Geral Uso Externo Vonixx 1 5 L', 'Vonixx', NULL, 'Vonixx Limpeza Interna', '{}'::text[], 'acidus-pro-limpador-de-uso-geral-uso-externo-vonixx-1-5-l', 'published', NULL, 'https://images.tcdn.com.br/img/img_prod/1152560/acidus_pro_limpador_de_uso_geral_uso_externo_von_1_20251015010946_466dabba2fcd.jpg', 0, 0, false, '2026-07-19T17:02:32.45277+00:00');
INSERT INTO public.search_documents (id, entity_type, entity_id, title, subtitle, short_description, search_text, keywords, slug, status, publish_at, image_url, rating, review_count, is_new, updated_at) VALUES ('093022c7-ad5f-428d-9e27-fa30f757bea7', 'product', '29d75a27-24c7-46fc-b9d6-d39ac9b48ee0', 'ALUMINA CUTMAX 1200 Composto Polidor Corte Pesado EasyTech 500ml', 'EasyTech', 'Composto polidor de corte pesado. Remoção rápida de riscos e nivelamento de texturas.', 'Composto polidor de corte pesado. Remoção rápida de riscos e nivelamento de texturas. O composto polidor de corte Alumina Cutmax é revolucionário, um verdadeiro produto One Step. Tremendo poder de corte e acabamento impecável. A capacidade de remoção rápida de riscos e nivelamento de texturas impressiona. É o primeiro composto de corte produzido para qualquer tipo de verniz, dos mais macios aos mais duros e complexos. Usa o exclusivo sistema EASY SIA de abrasivos inteligentes, formados em 5 tipos de grão. Sem geração de pó. Alternativa rápida e de extrema qualidade para processos de polimento. EasyTech Polimento e Vitrificadores 1. Alumina Cutmax pode ser usado em máquinas rotativas e roto orbitais. 2. Coloque produto na boina de polimento e espalhe com a máquina desligada. 3. Com o produto espalhado na peça, inicie o processo de polimento. 4. Na fase inicial trabalhe com uma leve pressão e mais velocidade. 5. Diminua a pressão e a velocidade a medida que os abrasivos forem quebrando. 6. Remova da peça com um pano de microfibras e use IPA ETS para inspeção final.', '{}'::text[], 'alumina-cutmax-1200-easytech-500ml', 'published', NULL, 'https://images.tcdn.com.br/img/img_prod/1152560/alumina_cutmax_1200_composto_polidor_de_corte_pesado_easytech_500ml_1951_1_166a2c6fc1095e45ac456d309fe7530a.jpg', 4.5, 2, true, '2026-07-19T17:02:32.45277+00:00');
INSERT INTO public.search_documents (id, entity_type, entity_id, title, subtitle, short_description, search_text, keywords, slug, status, publish_at, image_url, rating, review_count, is_new, updated_at) VALUES ('68433798-a5cb-41c5-80ac-837ae1ff2353', 'product', '6062980f-c286-462d-8dbb-5681fb8ee3ca', 'ALUMINA DETAILING 2500 Composto Polidor de Refino EasyTech 500ml', 'EasyTech', 'Composto polidor de refino. Nivelamento de texturas e preparo para lustro.', 'Composto polidor de refino. Nivelamento de texturas e preparo para lustro. Sabemos que a cera de carnaúba é conhecida pelo brilho quente que proporciona à pintura. Com a evolução do mercado há crescente tendência para os produtos à base de polímeros e resinas sintéticas. A Easytech desenvolveu a Alumina Detailing, um composto de refino que alia o melhor dos dois mundos. A capacidade de refino e nivelamento de texturas impressiona, é o primeiro composto de refino produzido para qualquer tipo de verniz. EasyTech Polimento e Vitrificadores Alumina Detailing pode ser usado em máquinas rotativas e roto orbitais. Coloque produto na boina de polimento e espalhe com a máquina desligada. Com o produto espalhado na peça, inicie o processo de polimento.', '{}'::text[], 'alumina-detailing-2500-easytech-500ml', 'published', NULL, 'https://images.tcdn.com.br/img/img_prod/1152560/alumina_detailing_2500_composto_polidor_de_refino_easytech_500ml_1947_1_3248b76d3eb704a5b242a661a11fa72f.jpg', 4, 1, true, '2026-07-19T17:02:32.45277+00:00');
INSERT INTO public.search_documents (id, entity_type, entity_id, title, subtitle, short_description, search_text, keywords, slug, status, publish_at, image_url, rating, review_count, is_new, updated_at) VALUES ('b8477665-8993-47b9-858c-460eeb3ba56a', 'product', '0e6cd462-5bae-4cd1-8eda-2a389991cc70', 'ALUMINA PERFECT GLOSS 3500 Composto Polidor de Lustro EasyTech 500ml', 'EasyTech', 'Composto polidor de lustro. Acabamento impecável e brilho intenso.', 'Composto polidor de lustro. Acabamento impecável e brilho intenso. A capacidade de refino e nivelamento de texturas impressiona. É o primeiro composto de lustro produzido para qualquer tipo de verniz. Indicado para finalização de processos de polimento. EasyTech Polimento e Vitrificadores Alumina Perfect Gloss pode ser usado em máquinas rotativas e roto orbitais. Coloque produto na boina de polimento e espalhe com a máquina desligada. Com o produto espalhado na peça, inicie o processo de polimento.', '{}'::text[], 'alumina-perfect-gloss-3500-easytech-500ml', 'published', NULL, 'https://images.tcdn.com.br/img/img_prod/1152560/alumina_perfect_gloss_3500_composto_polidor_de_lustro_easytech_500ml_1943_1_252c82346ee4c9ba147750c0a73875a7.jpg', 4.5, 1, true, '2026-07-19T17:02:32.45277+00:00');
INSERT INTO public.search_documents (id, entity_type, entity_id, title, subtitle, short_description, search_text, keywords, slug, status, publish_at, image_url, rating, review_count, is_new, updated_at) VALUES ('dc367fbb-48ec-4e36-b30b-3ccba1e5ee4f', 'product', 'b4084fac-7986-499e-b0b9-73dce238778e', 'Aquo Guard Shampoo Automotivo Desengraxante Alcance 500ml Diluicao ate 1400', 'Alcance', NULL, 'Alcance Limpeza Externa', '{}'::text[], 'aquo-guard-shampoo-automotivo-desengraxante-alcance-500ml-diluicao-ate-1400', 'published', NULL, 'https://images.tcdn.com.br/img/img_prod/1152560/aquo_guard_shampoo_automotivo_desengraxante_alca_1_20260528160144_37164ab2146c.jpg', 0, 0, false, '2026-07-20T00:44:19.410732+00:00');
INSERT INTO public.search_documents (id, entity_type, entity_id, title, subtitle, short_description, search_text, keywords, slug, status, publish_at, image_url, rating, review_count, is_new, updated_at) VALUES ('5004e439-9b85-41d6-9ceb-079fbc450704', 'product', '47f2a4af-d2f5-42e5-834f-2c2657973ea0', 'Areon Car Perfume Gold 50ml', 'Areon', 'Areon Car Perfume Gold - Design inspirador aliado a perfumes marcantes.', 'Areon Car Perfume Gold - Design inspirador aliado a perfumes marcantes. Areon Car Perfume Gold - Design inspirador aliado a perfumes marcantes para um ambiente refrescante. Aroma: Exclusivo de fundo almiscarado e notas refrescantes. Família olfativa: Spicy. Notas de saída: cítrico e amadeirado. Notas de coração: lavanda, anis, eucalipto, rosa. Notas de fundo: almíscar, âmbar, patchouli. Conteúdo: 01 odorizador de ambiente spray (50ml) e um difusor de celulose. Areon Aromatizantes 1- Retire o conteúdo da embalagem. 2- Pendure a celulose em seu veiculo, ou onde desejar, e retire a tampa do frasco. 3- Pulverizar duas ou três vezes dentro do carro ou sobre o cartão de celulose.', '{}'::text[], 'areon-car-perfume-gold-50ml', 'published', NULL, 'https://images.tcdn.com.br/img/img_prod/1152560/areon_car_perfume_gold_50ml_817_1_2850c32802663e40b584baee150a6579.jpg', 4.5, 1, false, '2026-07-19T17:02:32.45277+00:00');
INSERT INTO public.search_documents (id, entity_type, entity_id, title, subtitle, short_description, search_text, keywords, slug, status, publish_at, image_url, rating, review_count, is_new, updated_at) VALUES ('feb825a1-3c10-47c7-8b3c-2da6ed1967f3', 'product', 'deee2959-4898-4c00-bf7e-92f604867d7f', 'Areon Car Perfume Platinum 50ml', 'Areon', 'Areon Car Perfume Platinum - Design inspirador aliado a perfumes marcantes.', 'Areon Car Perfume Platinum - Design inspirador aliado a perfumes marcantes. AREON CAR PERFUME PLATINUM - Design inspirador aliado a perfumes marcantes para um ambiente refrescante. Aroma: Fragrância exclusiva com notas marcantes. Família olfativa: Spicy. Notas de saída: cítrico e amadeirado. Notas de coração: lavanda, anis, eucalipto, rosa. Notas de fundo: almíscar, âmbar, patchouli. Conteúdo: 01 odorizador de ambiente spray (50ml) e um difusor de celulose. Areon Aromatizantes 1- Retire o conteúdo da embalagem. 2- Pendure a celulose em seu veiculo, ou onde desejar, e retire a tampa do frasco. 3- Pulverizar duas ou três vezes dentro do carro ou sobre o cartão de celulose.', '{}'::text[], 'areon-car-perfume-platinum-50ml', 'published', NULL, 'https://images.tcdn.com.br/img/img_prod/1152560/areon_car_perfume_platinum_50ml_813_1_ed3c020cc09b741bc041f15513635271.jpg', 4.5, 1, false, '2026-07-19T17:02:32.45277+00:00');
INSERT INTO public.search_documents (id, entity_type, entity_id, title, subtitle, short_description, search_text, keywords, slug, status, publish_at, image_url, rating, review_count, is_new, updated_at) VALUES ('9cbeace2-bc7e-4126-a326-e242685e44ac', 'product', 'ef150f64-201a-43eb-96ec-c2d30259a0e1', 'Areon Car Perfume Red 50ml', 'Areon', 'Areon Car Perfume Red - Design inspirador aliado a perfumes marcantes para um ambiente refrescante.', 'Areon Car Perfume Red - Design inspirador aliado a perfumes marcantes para um ambiente refrescante. Areon Car Perfume Red - Design inspirador aliado a perfumes marcantes para um ambiente refrescante aonde quer que você vá. Aroma: Fragrância refrescante, que combina notas cítricas e amadeiradas. Família olfativa: Spicy. Notas de saída: lavanda, limão, pimenta. Notas de coração: violeta, jasmim. Notas de fundo: patchouli, vetiver, cedro, almíscar. Conteúdo: 01 odorizador de ambiente spray (50ml) e um difusor de celulose. Areon Aromatizantes 1- Retire o conteúdo da embalagem. 2- Pendure a celulose em seu veiculo, ou onde desejar, e retire a tampa do frasco. 3- Pulverizar duas ou três vezes dentro do carro ou sobre o cartão de celulose.', '{}'::text[], 'areon-car-perfume-red-50ml', 'published', NULL, 'https://images.tcdn.com.br/img/img_prod/1152560/areon_car_perfume_red_50ml_819_1_c271a6a29935d3fa63a86e4342202a92.jpg', 5, 2, false, '2026-07-19T17:02:32.45277+00:00');
INSERT INTO public.search_documents (id, entity_type, entity_id, title, subtitle, short_description, search_text, keywords, slug, status, publish_at, image_url, rating, review_count, is_new, updated_at) VALUES ('04e554a6-7f18-4d5b-a3b8-362b9dc814db', 'product', '45501fd9-9ca1-4dd3-a3ed-813d0267e94d', 'Areon Car Perfume Verano Azul 50ml', 'Areon', 'Odorizador Areon trará frescor duradouro e aroma agradável ao seu carro, casa, escritório e onde quiser.', 'Odorizador Areon trará frescor duradouro e aroma agradável ao seu carro, casa, escritório e onde quiser. AREON CAR PERFUME VERANO AZUL - Todo charme e requinte em um aromatizante com notas exclusivas. Design agradável e aroma cuidadosamente selecionado, convida a sensação de frescor, pureza e conforto ao seu redor. Conteúdo: 01 odorizador de ambiente spray (50ml) e um difusor de celulose. Areon Aromatizantes 1- Retire o conteúdo da embalagem. 2- Pendure a celulose em seu veiculo, ou onde desejar, e retire a tampa do frasco. 3- Pulverizar duas ou três vezes dentro do carro ou sobre o cartão de celulose.', '{}'::text[], 'areon-car-perfume-verano-azul-50ml', 'published', NULL, 'https://images.tcdn.com.br/img/img_prod/1152560/areon_car_perfume_verano_azul_50ml_1149_1_cf041f99feef83181c17f237a68ab226.jpg', 4, 1, false, '2026-07-19T17:02:32.45277+00:00');
INSERT INTO public.search_documents (id, entity_type, entity_id, title, subtitle, short_description, search_text, keywords, slug, status, publish_at, image_url, rating, review_count, is_new, updated_at) VALUES ('35bb6ad7-c415-4b3a-bd12-09744af534b2', 'product', '52902056-85fa-4e8d-ae16-bcef1fe83537', 'Areon Fresco Apple & Cinnamon', 'Areon', 'Perfume automotivo Areon Fresco com fragrância envolvente de maçã e canela. Design prático com pendurador para fácil uso.', 'Perfume automotivo Areon Fresco com fragrância envolvente de maçã e canela. Design prático com pendurador para fácil uso. Areon Fresco Apple & Cinnamon (Maça e Canela) - A beleza e singularidade da natureza capturada neste pequeno dispensador de fragrâncias. Ótima propagação do perfume em seu carro. Perfeito para pequenos espaços. Perfume líquido em frascos de vidro. Receptáculo de madeira natural. Fragrância: Apple & Cinnamon. Notas de saída: Citrus, Especiarias. Notas principais: Frutado, Patchouli, Maçã, Aromático. Notas de base: Canela, Musk. Conteúdo: 01 odorizador líquido (4ml) e um difusor de madeira. Areon Aromatizantes', '{}'::text[], 'areon-fresco-apple-cinnamon', 'published', NULL, 'https://images.tcdn.com.br/img/img_prod/1152560/areon_fresco_apple_cinnamon_maca_e_canela_811_1_8739a85489876ebe6e4bdcb981e4aa3e.jpeg', 4.5, 1, false, '2026-07-19T17:02:32.45277+00:00');
INSERT INTO public.search_documents (id, entity_type, entity_id, title, subtitle, short_description, search_text, keywords, slug, status, publish_at, image_url, rating, review_count, is_new, updated_at) VALUES ('e37de93e-bd6e-4b7a-b4dc-627bcfb24400', 'product', 'b031b2d5-b448-424d-a007-50138a0e9713', 'Areon Fresco Sport Lux Gold', 'Areon', 'Perfume para carro Areon Fresco Sport Lux Gold com aroma fresco e sofisticado. Design elegante em madeira.', 'Perfume para carro Areon Fresco Sport Lux Gold com aroma fresco e sofisticado. Design elegante em madeira. AREON FRESCO SPORT LUX GOLD - A beleza e singularidade da natureza capturada neste pequeno dispensador de fragrâncias. Ótima propagação do perfume em seu carro. Fragrância: Gold. Notas de base: Laranja, Limão, Pinheiros. Notas de Coração: Lavanda, Anis, Eucalipto, Rosa. Notas de base: Almíscar, Âmbar, Patchouli. Conteúdo: 01 odorizador líquido (4ml) e um difusor de madeira. Areon Aromatizantes', '{}'::text[], 'areon-fresco-sport-lux-gold', 'published', NULL, 'https://images.tcdn.com.br/img/img_prod/1152560/fresco_areon_sport_lux_gold_879_1_9e67f025bbe631e1c4b195f8134cde1e.jpeg', 4, 1, false, '2026-07-19T17:02:32.45277+00:00');
INSERT INTO public.search_documents (id, entity_type, entity_id, title, subtitle, short_description, search_text, keywords, slug, status, publish_at, image_url, rating, review_count, is_new, updated_at) VALUES ('32e724ff-97e9-437f-9f12-693ddedc08b5', 'product', 'dba386f5-21f6-4116-be19-84a698734686', 'Areon Fresco X Version Black Crystal', 'Areon', 'Aromatizador com design em madeira natural, fragrância sofisticada e durabilidade prolongada.', 'Aromatizador com design em madeira natural, fragrância sofisticada e durabilidade prolongada. Aromatizador Areon Fresco X Black Crystal com design em madeira natural, fragrância sofisticada e durabilidade prolongada para carros e ambientes. Design moderno e elegante. Areon Aromatizantes', '{}'::text[], 'areon-fresco-x-version-black-crystal', 'published', NULL, 'https://images.tcdn.com.br/img/img_prod/1152560/areon_smile_black_crystal_chamego_1_20251020204538_bc2b2fb24f3e.jpg', 4, 1, false, '2026-07-19T17:02:32.45277+00:00');
INSERT INTO public.search_documents (id, entity_type, entity_id, title, subtitle, short_description, search_text, keywords, slug, status, publish_at, image_url, rating, review_count, is_new, updated_at) VALUES ('91943d61-e409-4552-a51d-79602bae6330', 'product', 'c59c4e36-e64d-471b-bbad-0b2ce7d84b62', 'Areon Fresh Wave New Car', 'Areon', NULL, 'Areon Aromatizantes', '{}'::text[], 'areon-fresh-wave-new-car', 'published', NULL, 'https://images.tcdn.com.br/img/img_prod/1152560/areon_fresh_wave_new_car_1_20260311143813_5c9842245981.jpg', 0, 0, false, '2026-07-19T17:02:32.45277+00:00');
INSERT INTO public.search_documents (id, entity_type, entity_id, title, subtitle, short_description, search_text, keywords, slug, status, publish_at, image_url, rating, review_count, is_new, updated_at) VALUES ('0c9e05a2-b95a-4aa3-bb76-0afcf9cb2e34', 'product', '7d7b7d52-2c04-4eeb-b463-51fefa0ed4ba', 'Areon Mon Aromatizante New Car', 'Areon', 'Aromatizante com aroma de carro novo. Frescor duradouro e aroma agradável.', 'Aromatizante com aroma de carro novo. Frescor duradouro e aroma agradável. Com os seus componentes cuidadosamente selecionados, os Aromatizantes Areon trarão frescor duradouro e aroma agradável ao carro. Fragrância New Car, que remete ao cheiro de carro novo. Areon Aromatizantes', '{}'::text[], 'areon-mon-new-car', 'published', NULL, 'https://images.tcdn.com.br/img/img_prod/1152560/areon_fresh_wave_new_car_1_20260311143813_5c9842245981.jpg', 4.5, 1, true, '2026-07-19T17:02:32.45277+00:00');
INSERT INTO public.search_documents (id, entity_type, entity_id, title, subtitle, short_description, search_text, keywords, slug, status, publish_at, image_url, rating, review_count, is_new, updated_at) VALUES ('3bc5b098-9815-4322-a646-3c3fd5c76294', 'product', 'd1a774cd-fbe9-4e49-9733-1df7ede9efe5', 'Areon Perfume Blister New Car 35ml', 'Areon', NULL, 'Areon Aromatizantes', '{}'::text[], 'areon-perfume-blister-new-car-35ml', 'published', NULL, 'https://images.tcdn.com.br/img/img_prod/1152560/areon_perfume_blister_new_car_35ml_1_20260521115138_2706bef2e6ba.jpg', 0, 0, false, '2026-07-19T17:02:32.45277+00:00');
INSERT INTO public.search_documents (id, entity_type, entity_id, title, subtitle, short_description, search_text, keywords, slug, status, publish_at, image_url, rating, review_count, is_new, updated_at) VALUES ('498dd40c-58f9-4779-924f-2d1a91f57090', 'product', '6caa00bf-9fa7-4113-9462-f8b6774b3d3b', 'Areon Smile Black Crystal Chamego', 'Areon', NULL, 'Areon Aromatizantes', '{}'::text[], 'areon-smile-black-crystal-chamego', 'published', NULL, 'https://images.tcdn.com.br/img/img_prod/1152560/areon_smile_black_crystal_chamego_1_20251020204538_bc2b2fb24f3e.jpg', 0, 0, false, '2026-07-19T17:02:32.45277+00:00');
INSERT INTO public.search_documents (id, entity_type, entity_id, title, subtitle, short_description, search_text, keywords, slug, status, publish_at, image_url, rating, review_count, is_new, updated_at) VALUES ('aa45e5e8-0011-44b4-9716-c1fe5e80293d', 'product', '67382f18-6294-49c9-9974-3de82a691130', 'Aroma Para Carro Apple Cinnamon Areon', 'Areon', NULL, 'Areon Aromatizantes', '{}'::text[], 'aroma-para-carro-apple-amp-cinnamon', 'published', NULL, 'https://images.tcdn.com.br/img/img_prod/1152560/aroma_para_carro_apple_amp_cinnamon_1_20260206220320_b439b8004d8f.jpg', 0, 0, false, '2026-07-19T17:02:32.45277+00:00');
INSERT INTO public.search_documents (id, entity_type, entity_id, title, subtitle, short_description, search_text, keywords, slug, status, publish_at, image_url, rating, review_count, is_new, updated_at) VALUES ('7fb54718-7049-4d7e-9523-a3b0a812e2ff', 'product', '534aa53b-f71a-4f17-8621-592b8355938e', 'Aroma para Carro Cold Black Vonixx', 'Vonixx', NULL, 'Vonixx Aromatizantes', '{}'::text[], 'aroma-para-carro-cold-black-vonixx', 'published', NULL, 'https://images.tcdn.com.br/img/img_prod/1152560/aroma_para_carro_cold_black_vonixx_1_20260201194754_c7906bccc7a9.jpg', 0, 0, false, '2026-07-19T17:02:32.45277+00:00');
INSERT INTO public.search_documents (id, entity_type, entity_id, title, subtitle, short_description, search_text, keywords, slug, status, publish_at, image_url, rating, review_count, is_new, updated_at) VALUES ('55bb9f2b-1d00-4fe8-97e9-e70a7b4fc902', 'product', '351d9087-0bcf-4006-9cea-e4f851bad03b', 'Aroma para Carro Fine Leather Vonixx', 'Vonixx', NULL, 'Vonixx Aromatizantes', '{}'::text[], 'aroma-para-carro-fine-leather-vonixx', 'published', NULL, 'https://images.tcdn.com.br/img/img_prod/1152560/aroma_para_carro_fine_leather_vonixx_1_20260201194517_c9bbf4069a46.jpg', 0, 0, false, '2026-07-19T17:02:32.45277+00:00');
INSERT INTO public.search_documents (id, entity_type, entity_id, title, subtitle, short_description, search_text, keywords, slug, status, publish_at, image_url, rating, review_count, is_new, updated_at) VALUES ('961d7174-214b-4030-9231-a90bd1195a8f', 'product', '793f2a4d-8558-4bf8-9057-e9bc4af0c6dd', 'Aroma para Carro Hot Coffee Vonixx', 'Vonixx', NULL, 'Vonixx Aromatizantes', '{}'::text[], 'aroma-para-carro-hot-coffee-vonixx', 'published', NULL, 'https://images.tcdn.com.br/img/img_prod/1152560/aroma_para_carro_hot_coffee_vonixx_1_20260201194100_d95226ad2e6c.jpg', 0, 0, false, '2026-07-19T17:02:32.45277+00:00');
INSERT INTO public.search_documents (id, entity_type, entity_id, title, subtitle, short_description, search_text, keywords, slug, status, publish_at, image_url, rating, review_count, is_new, updated_at) VALUES ('16d137b4-2228-48ca-8d25-9bcc5fc8a06e', 'product', 'ac5575f5-fc33-4d31-bd5e-5007a0f408a3', 'Aroma para Carro New Car Vonixx', 'Vonixx', NULL, 'Vonixx Aromatizantes', '{}'::text[], 'aroma-para-carro-new-car-vonixx', 'published', NULL, 'https://images.tcdn.com.br/img/img_prod/1152560/aroma_para_carro_new_car_vonixx_1_20260201195020_8e1ab9e778ed.jpg', 0, 0, false, '2026-07-19T17:02:32.45277+00:00');
INSERT INTO public.search_documents (id, entity_type, entity_id, title, subtitle, short_description, search_text, keywords, slug, status, publish_at, image_url, rating, review_count, is_new, updated_at) VALUES ('fa753f0a-e088-4a68-80f0-57d28fcaf637', 'product', '3471e5f6-5643-446f-b5d3-ab66207d2dbe', 'Aromatizante Air Freshner Niponitos Samurai Soft 99', 'Soft99', NULL, 'Soft99 Aromatizantes', '{}'::text[], 'aromatizante-air-freshner-niponitos-samurai-soft-99', 'published', NULL, 'https://images.tcdn.com.br/img/img_prod/1152560/aromatizante_air_freshner_niponitos_samurai_soft_9_1_20251118141858_e002fd8d6da0.jpg', 0, 0, false, '2026-07-19T17:02:32.45277+00:00');
INSERT INTO public.search_documents (id, entity_type, entity_id, title, subtitle, short_description, search_text, keywords, slug, status, publish_at, image_url, rating, review_count, is_new, updated_at) VALUES ('3c0a6d64-6c15-4f52-9764-10359418a35f', 'product', '5642642c-2b40-4a9a-b836-b330a51b4b08', 'Black Magic Tratamento Super Preto para Pneus Soft99 150ml', 'Soft99', 'Black Magic Soft 99 tratamento super preto para pneus. Brilho seco e natural, longa durabilidade.', 'Black Magic Soft 99 tratamento super preto para pneus. Brilho seco e natural, longa durabilidade. Black Magic é um tratamento para pneus que traz um novo conceito do conhecido "pretinho". Diferentemente de outros produtos similares, Black Magic tem durabilidade de até 60 dias. Seu brilho é acetinado. Não deixa aspecto melado nem grudento. Após aplicação, cria uma camada repelente a água e a sujeira. Conteúdo: 150ml. Rendimento: até 40 pneus. Durabilidade: até 2 meses. Soft99 Ceras e Selantes 1- Lavar e secar bem os pneus antes da aplicação. 2- Agite bem o produto e pressione levemente a esponja aplicadora sobre o pneu. 3- Aplique de maneira uniforme uma fina camada. 4- Deixe secar de 10 a 20 minutos. 5- Feche a tampa e guarde com a esponja virada para cima. Dica: Para um acabamento mais refinado, recomendamos a utilização da Esponja Tire Wax Soft99.', '{}'::text[], 'black-magic-soft99-150ml', 'published', NULL, 'https://images.tcdn.com.br/img/img_prod/1152560/tratamento_super_preto_para_pneus_black_magic_soft99_150ml_651_1_5cb0dc16e917457f564d0a77dea5b364.jpg', 5, 1, false, '2026-07-19T17:02:32.45277+00:00');
INSERT INTO public.search_documents (id, entity_type, entity_id, title, subtitle, short_description, search_text, keywords, slug, status, publish_at, image_url, rating, review_count, is_new, updated_at) VALUES ('f60f69a1-c400-4a38-8596-d11820036a0d', 'product', 'e4b8f511-c756-4ebd-b3ac-c3d6acd404ff', 'Blend Paste Wax Cera em Pasta Vonixx 100g', 'Vonixx', 'Cera em pasta com carnaúba e sílica. Proteção de até 7 meses.', 'Cera em pasta com carnaúba e sílica. Proteção de até 7 meses. Sabemos que a cera de carnaúba é conhecida pelo brilho quente que proporciona à pintura. Com a evolução do mercado há crescente tendência para os produtos à base de sílica. A Vonixx desenvolveu a BLEND CARNAÚBA SÍLICA PASTE WAX, unindo cera de carnaúba tipo 1 brasileira e sílica. O filme de proteção repele fortemente água, com proteção de até 7 meses. Vonixx Ceras e Selantes 1. Lavar bem o veículo e certificar-se que a pintura esteja livre de contaminantes. 2. Aplicar com aplicador de espuma em movimentos uniformes. 3. Aguardar entre 5 e 10 minutos. 4. Remover com toalha de microfibra. 5. Uma segunda camada proporcionará brilho e proteção maior.', '{}'::text[], 'blend-paste-wax-vonixx-100g', 'published', NULL, 'https://images.tcdn.com.br/img/img_prod/1152560/blend_paste_wax_cera_em_pasta_vonixx_100g_1011_1_ea81d48538cdf6ecd263a309d786e11d.jpg', 5, 3, true, '2026-07-19T17:02:32.45277+00:00');
INSERT INTO public.search_documents (id, entity_type, entity_id, title, subtitle, short_description, search_text, keywords, slug, status, publish_at, image_url, rating, review_count, is_new, updated_at) VALUES ('b8a46da3-3add-43c1-8229-aefce3a556d7', 'product', 'f5048bd2-acc6-4084-9225-ff20f2f0f8f8', 'Carnaúba Paste Wax Evox 200g', 'Evox', 'Cera em pasta com carnaúba natural tipo 1. Brilho quente e proteção por até 4 meses.', 'Cera em pasta com carnaúba natural tipo 1. Brilho quente e proteção por até 4 meses. Carnaúba Paste Wax Evox (200g) - Cera de alto padrão, de fácil aplicação e isenta de abrasivos. Composição à base de cera de carnaúba 100% natural tipo 1, promove brilho quente, toque aveludado e proteção por até 4 meses. Evox Ceras e Selantes Lavar bem o veículo e certificar-se de que a pintura esteja limpa e seca. Aplicar com aplicador de espuma em movimentos circulares. Aguardar de 3 a 5 minutos e remover com toalha de microfibra. Pronto uso. Duração média: até 4 meses. Rendimento médio: até 60 veículos. Indicado para uso em superfícies com ou sem vitrificação.', '{}'::text[], 'carnauba-paste-wax-evox-200g', 'published', NULL, 'https://images.tcdn.com.br/img/img_prod/1152560/carnauba_paste_wax_evox_200g_1333_1_78b86fbbc7ea528362873d2385f5ee32.jpg', 4, 1, false, '2026-07-19T17:02:32.45277+00:00');
INSERT INTO public.search_documents (id, entity_type, entity_id, title, subtitle, short_description, search_text, keywords, slug, status, publish_at, image_url, rating, review_count, is_new, updated_at) VALUES ('62ed6ae9-cc85-41ee-aed9-d4fc8d58875e', 'product', '9ab206f8-d97f-4a69-a669-d8b8a8436254', 'Cera em Pasta Hard Wax Cadillac 300g', 'Cadillac', 'Cera em pasta com carnaúba branca tipo 1. Proteção por até 6 meses com efeito hidrofóbico.', 'Cera em pasta com carnaúba branca tipo 1. Proteção por até 6 meses com efeito hidrofóbico. A Cera em Pasta Hard Wax Cadillac é fabricada com carnaúba branca tipo 1, de altíssima qualidade. Realça a profundidade da coloração, com durabilidade de proteção de até 6 meses contra raios UV, chuvas, fuligem e maresia. Possui propriedade hidrofóbica e cera de abelha na formulação. Cadillac Ceras e Selantes Aplicar sobre pintura devidamente preparada e espelhada, isenta de micro-riscos. Aplicar com aplicador de espuma, aguardar e remover com toalha de microfibra. Conteúdo: 150g. Itens inclusos: 1 Cera Cadillac Hard Wax 150g e 1 Aplicador de Espuma.', '{}'::text[], 'cera-hard-wax-cadillac-300g', 'published', NULL, 'https://images.tcdn.com.br/img/img_prod/1152560/cera_em_pasta_hard_wax_cadillac_300g_311_1_63ff25448a36648b31da7b29a52c667d.jpg', 4.5, 2, false, '2026-07-19T17:02:32.45277+00:00');
INSERT INTO public.search_documents (id, entity_type, entity_id, title, subtitle, short_description, search_text, keywords, slug, status, publish_at, image_url, rating, review_count, is_new, updated_at) VALUES ('eb6ec448-4ae4-485c-bcc4-e61b95e07e5b', 'product', '23c7fa97-2a61-4879-9658-2f309fef53df', 'Cera Fusso Coat Black Soft99 200g', 'Soft99', 'Cera selante sintética com polímeros de flúor, durabilidade de até 12 meses. Ideal para cores escuras.', 'Cera selante sintética com polímeros de flúor, durabilidade de até 12 meses. Ideal para cores escuras. Cera/Selante Fusso Coat Black Soft99 possui polímeros sintéticos de alta resistência à base de flúor que pode durar até 12 meses na lataria. Proporciona ultra repelência de água e sujeira, mantendo a superfície sempre limpa. Protege contra produtos químicos, poluições, chuva ácida, riscos, raios UV e ação do tempo. Efeito ultra brilhante, ideal para carros pretos ou de cores escuras. Textura sólida (pasta dura). Acompanha espuma aplicadora. Rendimento aproximado: 40 carros médios. Soft99 Ceras e Selantes', '{}'::text[], 'cera-fusso-coat-black-soft99-200g', 'published', NULL, 'https://images.tcdn.com.br/img/img_prod/1152560/cera_fusso_coat_black_para_cores_escuras_soft99_200g_867_1_f49c1af8865ce891629e5d24545b1b92.jpg', 5, 3, false, '2026-07-19T17:02:32.45277+00:00');
INSERT INTO public.search_documents (id, entity_type, entity_id, title, subtitle, short_description, search_text, keywords, slug, status, publish_at, image_url, rating, review_count, is_new, updated_at) VALUES ('2c9e97ce-0e28-48e8-9220-4679ea8026e0', 'product', '862ef68f-4718-48f1-b200-aea50a5f9c74', 'Cera Fusso Coat Light Soft99 200g', 'Soft99', 'Cera e selante sintético com polímeros de flúor para cores claras. Durabilidade de até 12 meses.', 'Cera e selante sintético com polímeros de flúor para cores claras. Durabilidade de até 12 meses. Cera e Selante Sintético Fusso Coat Light Soft99 possui polímeros sintéticos de alta resistência à base de flúor que pode durar até 12 meses na lataria. Ideal para carros de cores claras. Proporciona ultra repelência de água e sujeira. Protege contra produtos químicos, poluições, chuva ácida, riscos, raios UV e ação do tempo. Soft99 Ceras e Selantes', '{}'::text[], 'cera-fusso-coat-light-soft99-200g', 'published', NULL, 'https://images.tcdn.com.br/img/img_prod/1152560/cera_fusso_coat_light_para_cores_claras_soft99_200g_869_2_abd36fcaf6d4819d4f3d8c0e8af93260.jpg', 5, 2, false, '2026-07-19T17:02:32.45277+00:00');
INSERT INTO public.search_documents (id, entity_type, entity_id, title, subtitle, short_description, search_text, keywords, slug, status, publish_at, image_url, rating, review_count, is_new, updated_at) VALUES ('50933941-34d6-4a19-b553-1c09c0516999', 'product', '15c303d7-51dd-4b33-81ab-28edce6a5b9c', 'Cera Líquida Autoshine 500ml', 'Autoshine', 'Cera líquida à base de resinas especiais para proteger, renovar e restaurar a cor original do veículo.', 'Cera líquida à base de resinas especiais para proteger, renovar e restaurar a cor original do veículo. A Cera Líquida Autoshine é um produto à base de resinas especiais desenvolvido para proteger, renovar e restaurar a cor original do veículo. Fácil aplicação e brilho duradouro. Autoshine Ceras e Selantes', '{}'::text[], 'cera-liquida-autoshine-500ml', 'published', NULL, 'https://images.tcdn.com.br/img/img_prod/1152560/cera_liquida_autoshine_500ml_307_1_1d5da93c435f777cdd38a6c7030244db.jpg', 4, 1, false, '2026-07-19T17:02:32.45277+00:00');
INSERT INTO public.search_documents (id, entity_type, entity_id, title, subtitle, short_description, search_text, keywords, slug, status, publish_at, image_url, rating, review_count, is_new, updated_at) VALUES ('091df9b4-0f32-42f4-9c35-13f4638d1405', 'product', 'ac80fe28-423e-497a-8121-afe2d5af4dae', 'Cherry Wax Cera 4 em 1 Zacs 200ml', 'Zacs', NULL, 'Zacs Ceras e Selantes', '{}'::text[], 'cherry-wax-cera-4-em-1-zacs-200ml', 'published', NULL, 'https://images.tcdn.com.br/img/img_prod/1152560/cherry_wax_cera_4_em_1_zacs_200ml_1_20260411130528_b30626a5d835.jpg', 0, 0, false, '2026-07-19T17:02:32.45277+00:00');
INSERT INTO public.search_documents (id, entity_type, entity_id, title, subtitle, short_description, search_text, keywords, slug, status, publish_at, image_url, rating, review_count, is_new, updated_at) VALUES ('dd373392-2889-45a6-96eb-85fb76d9a702', 'product', '55da8e01-ea70-4909-9204-9e71fd7eea70', 'Cherry Wax Cera 4 em 1 Zacs 500ml', 'Zacs', NULL, 'Zacs Ceras e Selantes', '{}'::text[], 'cherry-wax-cera-4-em-1-zacs-500ml', 'published', NULL, 'https://images.tcdn.com.br/img/img_prod/1152560/cherry_wax_cera_4_em_1_zacs_500ml_1_20250830171020_416625f42570.jpg', 0, 0, false, '2026-07-19T17:02:32.45277+00:00');
INSERT INTO public.search_documents (id, entity_type, entity_id, title, subtitle, short_description, search_text, keywords, slug, status, publish_at, image_url, rating, review_count, is_new, updated_at) VALUES ('ff169e80-396b-4831-96be-e8f1b2d2d00d', 'product', 'b31d52ff-cfe1-43cc-9173-bab2d3ec6625', 'Citrus Shampoo Automotivo Evox 500ml', 'Evox', 'Shampoo de alto rendimento com pH neutro que limpa, mantém e renova o brilho sem remover ceras ou selantes.', 'Shampoo de alto rendimento com pH neutro que limpa, mantém e renova o brilho sem remover ceras ou selantes. CITRUS é um produto de alto rendimento com pH neutro que limpa, mantém e renova o brilho da pintura sem remover ceras ou selantes da superfície. Diluição de até 1:400, oferece excelente rendimento e lubrificação para lavagem segura. Evox Limpeza Externa', '{}'::text[], 'citrus-shampoo-evox-500ml', 'published', NULL, 'https://images.tcdn.com.br/img/img_prod/1152560/citrus_shampoo_automotivo_evox_500ml_diluicao_ate_1_400_1355_1_7bbb5ab422662177f768c4cb5799eaa8.jpg', 4, 2, false, '2026-07-20T00:44:19.410732+00:00');
INSERT INTO public.search_documents (id, entity_type, entity_id, title, subtitle, short_description, search_text, keywords, slug, status, publish_at, image_url, rating, review_count, is_new, updated_at) VALUES ('69f2f2c6-f460-408c-bb92-656b00d99a61', 'product', '31524f93-157d-462a-a06b-393e7db19da0', 'CMX Ceramic Wash & Coat Shampoo com Cera Mothers 1,4L', 'Mothers', 'Shampoo com cera cerâmica que lubrifica, dissolve sujeira e neutraliza minerais causadores de manchas.', 'Shampoo com cera cerâmica que lubrifica, dissolve sujeira e neutraliza minerais causadores de manchas. Esta fórmula de alta eficiência lubrifica e dissolve a sujeira. Suspende os contaminantes opacos, enquanto neutraliza os minerais que causam manchas de água. CMX Ceramic Wash & Coat é um shampoo com tecnologia cerâmica que protege e mantém o brilho da pintura. Mothers Limpeza Externa', '{}'::text[], 'cmx-ceramic-wash-coat-mothers-14l', 'published', NULL, 'https://images.tcdn.com.br/img/img_prod/1152560/cmx_ceramic_wash_coat_shampoo_com_cera_mothers_1_4_l_1455_1_c36288fb6d6dff48169e6523de8c5686.jpg', 4.5, 2, true, '2026-07-20T00:44:19.410732+00:00');
INSERT INTO public.search_documents (id, entity_type, entity_id, title, subtitle, short_description, search_text, keywords, slug, status, publish_at, image_url, rating, review_count, is_new, updated_at) VALUES ('45e1dc51-1a29-413c-8c75-899056fe4906', 'product', '2fe6e005-a674-4344-a4f8-34564516caed', 'Composto Polidor Lincoln 500g', 'Lincoln', 'Composto polidor multiuso à base de água, sem cera e sem silicone. Médio poder de corte e ótimo acabamento.', 'Composto polidor multiuso à base de água, sem cera e sem silicone. Médio poder de corte e ótimo acabamento. Produto à base de água, desenvolvido sem cera e sem silicone. O COMPOSTO POLIDOR é um MULTIUSO no Polimento Técnico, eficaz na remoção de marcas de lixamento leve e pequenos arranhões sobre tinta ou verniz. Possui médio poder de corte, ótimo acabamento e alto rendimento. Não mancha borrachas ou partes plásticas, não gruda na superfície durante o polimento. Os resíduos são removidos facilmente com água ou pano úmido. Lincoln Polimento e Vitrificadores', '{}'::text[], 'composto-polidor-lincoln-500g', 'published', NULL, 'https://images.tcdn.com.br/img/img_prod/1152560/composto_polidor_lincoln_500g_295_1_ece76e4e4698bbd9351463ab4b24ff66.jpg', 4.5, 3, false, '2026-07-19T17:02:32.45277+00:00');
INSERT INTO public.search_documents (id, entity_type, entity_id, title, subtitle, short_description, search_text, keywords, slug, status, publish_at, image_url, rating, review_count, is_new, updated_at) VALUES ('ed48d085-8723-484b-ba9f-61baad4803c3', 'product', '9fcc0f19-8717-43c3-a8f6-90afb8eb2159', 'Composto Polidor Risco Zero Corte Cadillac 500g', 'Cadillac', 'Composto polidor de corte extremamente eficiente com altíssimo nível de lubrificação.', 'Composto polidor de corte extremamente eficiente com altíssimo nível de lubrificação. O Composto Polidor Risco Zero CORTE Cadillac tem seu poder de corte extremamente eficiente, aliado ao seu altíssimo nível de lubrificação. Desenvolvido para a etapa de corte, remove defeitos severos da pintura com excelente desempenho. Cadillac Polimento e Vitrificadores', '{}'::text[], 'composto-polidor-risco-zero-corte-cadillac-500g', 'published', NULL, 'https://images.tcdn.com.br/img/img_prod/1152560/composto_polidor_risco_zero_etapa_de_corte_cadillac_500g_1587_1_95b673e7fc5b4c1e72eb4918cbc5e71b.jpg', 4.5, 2, false, '2026-07-19T17:02:32.45277+00:00');
INSERT INTO public.search_documents (id, entity_type, entity_id, title, subtitle, short_description, search_text, keywords, slug, status, publish_at, image_url, rating, review_count, is_new, updated_at) VALUES ('df4e3084-8fa5-4b07-8d85-044ee8442f6a', 'product', '6cf45522-726d-4377-b11f-f1d0db21a77d', 'Composto Polidor Risco Zero Refino Cadillac 500g', 'Cadillac', 'Composto polidor de refino com moderado poder de corte e alto acabamento.', 'Composto polidor de refino com moderado poder de corte e alto acabamento. Composto Polidor de Refino Risco Zero possui formulação que concilia moderado poder de corte e alto acabamento, e já prepara a peça para a etapa de lustro. Excelente para finalização de polimento técnico. Cadillac Polimento e Vitrificadores', '{}'::text[], 'composto-polidor-risco-zero-refino-cadillac-500g', 'published', NULL, 'https://images.tcdn.com.br/img/img_prod/1152560/composto_polidor_risco_zero_refino_cadillac_500g_4471_1_443f4bf178e20cfdcefa4edc7472b48c.jpg', 4.5, 1, false, '2026-07-19T17:02:32.45277+00:00');
INSERT INTO public.search_documents (id, entity_type, entity_id, title, subtitle, short_description, search_text, keywords, slug, status, publish_at, image_url, rating, review_count, is_new, updated_at) VALUES ('7d5269f8-2de4-4d8b-b8a8-84a7a5511486', 'product', '5a5eba12-3e7a-43d7-b046-8471075a71b7', 'Couro QD Quick Detail 2 em 1 EasyTech 500ml', 'EasyTech', 'Limpa e hidrata couro em uma única etapa. Seguro para couro natural ou sintético.', 'Limpa e hidrata couro em uma única etapa. Seguro para couro natural ou sintético. Couro QD limpa e hidrata couro em uma única etapa. Desenvolvido para uso rápido, promove limpeza segura sem riscos de remoção de pigmentos do couro por uso de produtos agressivos, ao mesmo tempo que garante a hidratação do material. Contém óleos hidratantes de baixo peso molecular. Aplicação em couro natural, couro sintético e plásticos. EasyTech Limpeza Interna', '{}'::text[], 'couro-qd-easytech-500ml', 'published', NULL, 'https://images.tcdn.com.br/img/img_prod/1152560/couro_qd_quick_detail_2_em_1_limpa_e_hidrata_easytech_500ml_1139_1_a6831e1a70777a792a124f8fae32bfb5.jpg', 5, 3, false, '2026-07-19T17:02:32.45277+00:00');
INSERT INTO public.search_documents (id, entity_type, entity_id, title, subtitle, short_description, search_text, keywords, slug, status, publish_at, image_url, rating, review_count, is_new, updated_at) VALUES ('af70a991-c64f-4916-a27b-16f0639606a3', 'product', '82bfbdeb-a6ad-4560-a41b-e53b2ef3f6fa', 'Descole Removedor de Cola e Piche Cadillac 1 5 L', 'Cadillac', NULL, 'Cadillac Limpeza Interna', '{}'::text[], 'descole-removedor-de-cola-e-piche-cadillac-1-5-l', 'published', NULL, 'https://images.tcdn.com.br/img/img_prod/1152560/descole_removedor_de_cola_e_piche_cadillac_15_l_1_20260311151556_23acef455416.jpg', 0, 0, false, '2026-07-19T17:02:32.45277+00:00');
INSERT INTO public.search_documents (id, entity_type, entity_id, title, subtitle, short_description, search_text, keywords, slug, status, publish_at, image_url, rating, review_count, is_new, updated_at) VALUES ('cc752a1f-479b-4822-a75c-752467412784', 'product', '03f7aaa5-c9ca-4514-8ca1-823144b3cad8', 'Descole Removedor de Cola e Piche Cadillac 500ml', 'Cadillac', NULL, 'Cadillac Limpeza Interna', '{}'::text[], 'descole-removedor-de-cola-e-piche-cadillac-500ml', 'published', NULL, 'https://images.tcdn.com.br/img/img_prod/1152560/descole_removedor_de_cola_e_piche_cadillac_500ml_1_20250908153404_8a14b1bee710.jpg', 0, 0, false, '2026-07-19T17:02:32.45277+00:00');
INSERT INTO public.search_documents (id, entity_type, entity_id, title, subtitle, short_description, search_text, keywords, slug, status, publish_at, image_url, rating, review_count, is_new, updated_at) VALUES ('f913e227-1384-4d1a-a3c4-832ddd5640cf', 'product', '20c29ace-e64b-441a-93b2-7921bef5795a', 'Ecoblack Finalizador para Caixas de Rodas Vintex 1,5L', 'Vintex', 'Finalizador para caixas de rodas que promove limpeza eficaz, proteção contra sujeira e brilho prolongado.', 'Finalizador para caixas de rodas que promove limpeza eficaz, proteção contra sujeira e brilho prolongado. Finalizador Ecoblack para caixas de rodas, promove limpeza eficaz, proteção contra sujeira e brilho prolongado, garantindo acabamento profissional. Produto concentrado para uso em caixas de rodas e partes internas das rodas. Vintex Ceras e Selantes', '{}'::text[], 'ecoblack-vintex-15l', 'published', NULL, 'https://images.tcdn.com.br/img/img_prod/1152560/ecoblack_finalizador_para_caixas_de_rodas_vint_1_20251009235941_9766e586fdd9.jpg', 4, 1, true, '2026-07-19T17:02:32.45277+00:00');
INSERT INTO public.search_documents (id, entity_type, entity_id, title, subtitle, short_description, search_text, keywords, slug, status, publish_at, image_url, rating, review_count, is_new, updated_at) VALUES ('3a334de8-c9cf-41d3-abf1-4fa854040016', 'product', 'ccdfbe5e-1ea2-46a7-a1df-80ee96a49b79', 'Extreme Tire Gel Autoamerica 473ml', 'Autoamerica', NULL, 'Autoamerica Ceras e Selantes', '{}'::text[], 'extreme-tire-gel-autoamerica-473ml', 'published', NULL, 'https://images.tcdn.com.br/img/img_prod/1152560/extreme_tire_gel_gel_para_pneus_autoamerica_50_1_20251103225207_08fe942b6a87.jpg', 0, 0, false, '2026-07-19T17:02:32.45277+00:00');
INSERT INTO public.search_documents (id, entity_type, entity_id, title, subtitle, short_description, search_text, keywords, slug, status, publish_at, image_url, rating, review_count, is_new, updated_at) VALUES ('e888ff29-7e15-4e63-b920-5ee36c26cc48', 'product', '299936d1-63a8-46c3-bbe0-c694fd4afbf6', 'Final Finish FF 3000 Lustrador Menzerna 250ml', 'Menzerna', 'Lustrador que elimina marcas de polimento e marcas de lixa 3000, garantindo acabamento espelhado.', 'Lustrador que elimina marcas de polimento e marcas de lixa 3000, garantindo acabamento espelhado. FF 3000 elimina marcas de polimento bem como marcas de lixa 3000 e garante um acabamento espelhado perfeito. Indicado para a etapa de finalização, proporciona alto brilho e gloss. Aplicação manual ou com politriz. Menzerna Polimento e Vitrificadores', '{}'::text[], 'final-finish-ff-3000-menzerna-250ml', 'published', NULL, 'https://images.tcdn.com.br/img/img_prod/1152560/final_finish_ff_3000_lustrador_menzerna_250ml_897_1_afa81b407a8ff9dc531d53665d733ea3.jpg', 5, 2, false, '2026-07-19T17:02:32.45277+00:00');
INSERT INTO public.search_documents (id, entity_type, entity_id, title, subtitle, short_description, search_text, keywords, slug, status, publish_at, image_url, rating, review_count, is_new, updated_at) VALUES ('1782c080-3817-4491-b1ed-c90c69f02d79', 'product', '1d7182dd-e7d3-43f0-ae76-ab0cb71c5f93', 'Finisherfresh Summer Odorizador para Tecidos Spartan 5 Litros Diluicao ate 1 10', 'Spartan', NULL, 'Spartan Aromatizantes', '{}'::text[], 'finisherfresh-summer-odorizador-para-tecidos-spartan-5-litros-diluicao-ate-110', 'published', NULL, 'https://images.tcdn.com.br/img/img_prod/1152560/finisherfresh_summer_odorizador_para_tecidos_spart_1_20251103152859_0e8df761eb7a.jpg', 0, 0, false, '2026-07-19T17:02:32.45277+00:00');
INSERT INTO public.search_documents (id, entity_type, entity_id, title, subtitle, short_description, search_text, keywords, slug, status, publish_at, image_url, rating, review_count, is_new, updated_at) VALUES ('2ff0b28a-2c9b-4bce-bf06-d834da120b45', 'product', 'b782bb9d-89e7-4644-baa7-02aecb9fb771', 'Foam Gloss Lava Auto Magil Clean 1 Litro Diluicao ate 1200', 'Magil Clean', NULL, 'Magil Clean Limpeza Externa', '{}'::text[], 'foam-gloss-lava-auto-magil-clean-1-litro-diluicao-ate-1200', 'published', NULL, 'https://images.tcdn.com.br/img/img_prod/1152560/foam_gloss_lava_auto_magil_clean_1_litro_diluio_at_1_20251126164144_da8166ff5cff.jpg', 0, 0, false, '2026-07-20T00:44:19.410732+00:00');
INSERT INTO public.search_documents (id, entity_type, entity_id, title, subtitle, short_description, search_text, keywords, slug, status, publish_at, image_url, rating, review_count, is_new, updated_at) VALUES ('affe1d94-2461-469e-b92c-4b18754a6842', 'product', '9eafd76f-0a3d-4c70-8e0e-6b6587306568', 'Foam Gloss Lava Auto Magil Clean 3 Litros Diluicao ate 1200', 'Magil Clean', NULL, 'Magil Clean Limpeza Externa', '{}'::text[], 'foam-gloss-lava-auto-magil-clean-3-litros-diluicao-ate-1200', 'published', NULL, 'https://images.tcdn.com.br/img/img_prod/1152560/foam_gloss_lava_auto_magil_clean_3_litros_diluio_a_1_20251125170213_63827ac4eb14.jpg', 0, 0, false, '2026-07-20T00:44:19.410732+00:00');
INSERT INTO public.search_documents (id, entity_type, entity_id, title, subtitle, short_description, search_text, keywords, slug, status, publish_at, image_url, rating, review_count, is_new, updated_at) VALUES ('9c75410a-68d7-4446-8768-bc26e52afa12', 'product', '0682376b-8883-45bc-8f08-42940aa36471', 'Glaco 45km/h Cristalizador de Vidros Soft99 75ml', 'Soft99', 'Cristalizador de vidros que repelir a água. Em deslocamentos acima de 45km/h dispensa o limpador.', 'Cristalizador de vidros que repelir a água. Em deslocamentos acima de 45km/h dispensa o limpador. GLACO é um cristalizador de vidros desenvolvido para repelir a água que se acumula sobre para-brisas automotivos em dias chuvosos. A tecnologia contida nos produtos da linha Glaco garantem a formação de uma película protetora nos vidros que impede que as gotas de chuva "grudem" na superfície. Em deslocamentos acima de 45km/h o efeito do Glaco se mostra eficiente, proporcionando ótima visibilidade. Protege o vidro contra agentes externos como fezes de pássaros, poluição e óleos. Rendimento: até 18 para-brisas. Durabilidade: até 2 meses. Soft99 Limpeza de Vidros', '{}'::text[], 'glaco-45kmh-soft99-75ml', 'published', NULL, 'https://images.tcdn.com.br/img/img_prod/1152560/glaco_45km_h_cristalizador_de_vidros_repelente_de_chuva_soft99_04132_75ml_211_1_c60e62047d943b1eb1798e4e6b2c757f.jpg', 5, 4, false, '2026-07-19T17:02:32.45277+00:00');
INSERT INTO public.search_documents (id, entity_type, entity_id, title, subtitle, short_description, search_text, keywords, slug, status, publish_at, image_url, rating, review_count, is_new, updated_at) VALUES ('4ae70596-18e1-423b-bf27-baa7064f3ace', 'product', 'e4165102-b059-4dfc-b728-251b0402b9c9', 'Glaco Big Roll On Repelente de Água Soft99 120ml', 'Soft99', 'Cristalizador de vidros em formato roll-on para aplicação prática. Repelir a água da chuva.', 'Cristalizador de vidros em formato roll-on para aplicação prática. Repelir a água da chuva. BIG GLACO é um cristalizador de vidros desenvolvido para repelir a água que se acumula sobre para-brisas automotivos em dias chuvosos. Formato roll-on para aplicação prática e uniforme. Tecnologia de longa durabilidade. Soft99 Limpeza de Vidros', '{}'::text[], 'glaco-big-roll-on-soft99-120ml', 'published', NULL, 'https://images.tcdn.com.br/img/img_prod/1152560/glaco_big_roll_on_cristalizador_de_vidros_e_repele_1_20260205163952_dc52fcf7e1b7.jpg', 5, 2, false, '2026-07-19T17:02:32.45277+00:00');
INSERT INTO public.search_documents (id, entity_type, entity_id, title, subtitle, short_description, search_text, keywords, slug, status, publish_at, image_url, rating, review_count, is_new, updated_at) VALUES ('ee489a32-1943-46bb-882b-6ee74629c7b7', 'product', 'ec038c72-1ccb-4bf2-8c32-fbfd6d3c410e', 'Glaco Washer Soft99 200ml', 'Soft99', 'Aditivo limpante e repelente para o reservatório do esguicho. Limpa e cristaliza os vidros.', 'Aditivo limpante e repelente para o reservatório do esguicho. Limpa e cristaliza os vidros. Aditivo para limpeza e repelência de vidros automotivos. Ao ser adicionado ao reservatório de água, cria uma membrana protetora que limpa e cristaliza os vidros. Mantém o efeito repelente da linha Glaco com praticidade. Soft99 Limpeza de Vidros', '{}'::text[], 'glaco-washer-soft99-200ml', 'published', NULL, 'https://images.tcdn.com.br/img/img_prod/1152560/glaco_washer_aditivo_limpante_repelente_de_gua_de_1_20260205163324_7f1494d9dc56.jpg', 4.5, 1, false, '2026-07-19T17:02:32.45277+00:00');
INSERT INTO public.search_documents (id, entity_type, entity_id, title, subtitle, short_description, search_text, keywords, slug, status, publish_at, image_url, rating, review_count, is_new, updated_at) VALUES ('39893af6-7049-493c-8bcf-93ff57a05594', 'product', '59747552-964f-4667-bfb4-e0742e8a0746', 'Glass Shield Repelente de Chuva Autoshine 60ml', 'Autoshine', 'Cristalizador de vidros que deixa película repelente, cristalina e protetora sobre o vidro.', 'Cristalizador de vidros que deixa película repelente, cristalina e protetora sobre o vidro. O Cristalizador de Vidros Glass Shield da Autoshine deixa uma película repelente, cristalina e protetora sobre o vidro do automóvel. Repelir a água da chuva, melhorando a visibilidade e segurança ao dirigir. Autoshine Limpeza de Vidros', '{}'::text[], 'glass-shield-autoshine-60ml', 'published', NULL, 'https://images.tcdn.com.br/img/img_prod/1152560/glass_shield_limpa_vidros_repelente_de_chuva_autoshine_60ml_1155_1_4ba6e0bbbedb7d329bf578a16c60e041.jpg', 4, 1, false, '2026-07-19T17:02:32.45277+00:00');
INSERT INTO public.search_documents (id, entity_type, entity_id, title, subtitle, short_description, search_text, keywords, slug, status, publish_at, image_url, rating, review_count, is_new, updated_at) VALUES ('16ebcab1-3aa1-4eaa-874c-35fe1e9bbddb', 'product', '0ac33b65-fb7d-4c82-a550-b9c1193990e8', 'Glazy Anti Fog Limpa Vidros com Acao Antiembacante Vonixx 500ml', 'Vonixx', NULL, 'Vonixx Limpeza de Vidros', '{}'::text[], 'glazy-anti-fog-limpa-vidros-com-acao-antiembacante-vonixx-500ml', 'published', NULL, 'https://images.tcdn.com.br/img/img_prod/1152560/glazy_anti_fog_limpa_vidros_com_ao_antiembaante_vo_1_20260223195607_8e19e3d6becb.jpg', 0, 0, false, '2026-07-19T17:02:32.45277+00:00');
INSERT INTO public.search_documents (id, entity_type, entity_id, title, subtitle, short_description, search_text, keywords, slug, status, publish_at, image_url, rating, review_count, is_new, updated_at) VALUES ('82d157e9-e50c-4364-9d39-dc417179713a', 'product', '0e525331-2927-4fb8-a1fa-fade37d06f2b', 'Grafeno Coat Vitrificador 9H Alcance 30ml', 'Alcance', 'Vitrificador de grafeno 9H. Aumenta até 80% o brilho e melhora 500% a sensação ao toque.', 'Vitrificador de grafeno 9H. Aumenta até 80% o brilho e melhora 500% a sensação ao toque. Vitrificador de grafeno com tecnologia 9H. Aumenta em até 80% a intensidade de brilho e o reflexo. Melhora em até 500% a sensação ao toque. Até 7x mais proteção contra fezes de aves. Maior nível de proteção, maior intensidade de brilho e profundidade de cor. Alcance Ceras e Selantes', '{}'::text[], 'grafeno-coat-alcance-30ml', 'published', NULL, 'https://images.tcdn.com.br/img/img_prod/1152560/grafeno_coat_vitrificador_9h_alcance_30ml_1963_1_5d04802ff91d0a3bdbca2f5934255088.jpg', 5, 2, true, '2026-07-19T17:02:32.45277+00:00');
INSERT INTO public.search_documents (id, entity_type, entity_id, title, subtitle, short_description, search_text, keywords, slug, status, publish_at, image_url, rating, review_count, is_new, updated_at) VALUES ('9285e490-73dc-4902-b2e7-e0f1852f0c10', 'product', 'c30ef233-c253-46f5-aa17-d7c7c9aafb19', 'Hidrata Couro Finisher 160g', 'Autoshine', 'Hidratante que revela a cor original, aumenta a maciez e previne rachaduras no couro automotivo.', 'Hidratante que revela a cor original, aumenta a maciez e previne rachaduras no couro automotivo. Hidrata Couro Finisher revela a cor original, aumenta a maciez e previne rachaduras no couro automotivo. Produto ideal para conservar bancos e acessórios de couro, mantendo a aparência e flexibilidade do material. Autoshine Limpeza Interna', '{}'::text[], 'hidrata-couro-finisher-160g', 'published', NULL, 'https://images.tcdn.com.br/img/img_prod/1152560/hidrata_couro_finisher_150g_547_1_244be2d31789225ee65c5caac4688752.jpg', 4, 1, false, '2026-07-19T17:02:32.45277+00:00');
INSERT INTO public.search_documents (id, entity_type, entity_id, title, subtitle, short_description, search_text, keywords, slug, status, publish_at, image_url, rating, review_count, is_new, updated_at) VALUES ('e77916b0-896f-41b3-957e-c82c3431c1cc', 'product', '29c9c6b2-e6e1-4b03-873c-212b9b6bd362', 'Hydrox Wash Lava Auto Ceramico 2 em 1 Vonixx 240ml Diluicao ate 1100', 'Vonixx', NULL, 'Vonixx Ceras e Selantes', '{}'::text[], 'hydrox-wash-lava-auto-ceramico-2-em-1-vonixx-240ml-diluicao-ate-1100', 'published', NULL, 'https://images.tcdn.com.br/img/img_prod/1152560/hydrox_wash_lava_auto_cermico_2_em_1_vonixx_240m_1_20250815111653_2c5c97750a7c.jpg', 0, 0, false, '2026-07-19T17:02:32.45277+00:00');
INSERT INTO public.search_documents (id, entity_type, entity_id, title, subtitle, short_description, search_text, keywords, slug, status, publish_at, image_url, rating, review_count, is_new, updated_at) VALUES ('44e87b59-fb73-4f94-b719-3cc16e10dabe', 'product', 'a6cd85c0-ac92-4264-9d99-692a85cfa083', 'Insignia Leather Nano Proteção EasyTech 30ml', 'EasyTech', 'Nano proteção com hidratação para couro. Sujeiras ficam sob a camada de proteção, removidas facilmente.', 'Nano proteção com hidratação para couro. Sujeiras ficam sob a camada de proteção, removidas facilmente. Insignia Leather oferece nano proteção com hidratação para couro. As sujeiras que normalmente ficam incrustadas no couro ficam sob a camada de proteção, sendo facilmente removidas sem uso de produtos químicos. Proteção de longa duração. EasyTech Limpeza Interna', '{}'::text[], 'insignia-leather-easytech-30ml', 'published', NULL, 'https://images.tcdn.com.br/img/img_prod/1152560/insignia_leather_nano_protecao_com_hidratacao_para_couro_easytech_30ml_2285_1_e399dc8700422ab464c954f8d9f88b96.jpg', 5, 1, true, '2026-07-19T17:02:32.45277+00:00');
INSERT INTO public.search_documents (id, entity_type, entity_id, title, subtitle, short_description, search_text, keywords, slug, status, publish_at, image_url, rating, review_count, is_new, updated_at) VALUES ('c99969c8-7276-4b95-b7c1-765995106a80', 'product', 'bde3cea7-fdc4-4e99-836c-bdfc7a1d4a43', 'Insignia Rain Repelente de Chuva EasyTech 30ml', 'EasyTech', 'Repelente de chuva duradouro para para-brisa. Até 1 ano de proteção e maior segurança em dias chuvosos.', 'Repelente de chuva duradouro para para-brisa. Até 1 ano de proteção e maior segurança em dias chuvosos. Insignia Rain é um poderoso e duradouro Repelente de chuva, solução definitiva para quem quer dirigir com mais segurança e visibilidade em dias chuvosos. Até 1 ano de proteção. Tecnologia premium de longa duração. EasyTech Limpeza de Vidros', '{}'::text[], 'insignia-rain-easytech-30ml', 'published', NULL, 'https://images.tcdn.com.br/img/img_prod/1152560/insignia_rain_repelente_de_chuva_para_para_brisa_ate_1_ano_de_protecao_easytech_30ml_2291_1_95f94b35acaf656593ad6840dbb43f37.jpg', 5, 1, true, '2026-07-19T17:02:32.45277+00:00');
INSERT INTO public.search_documents (id, entity_type, entity_id, title, subtitle, short_description, search_text, keywords, slug, status, publish_at, image_url, rating, review_count, is_new, updated_at) VALUES ('868a444e-e474-42bf-95dc-37cf36733f6d', 'product', 'aece1055-9f84-46f0-871b-23685286b30e', 'Interior Cleaner Limpador Multiuso Sonax 500ml', 'Sonax', 'APC que limpa profundamente sem agredir as superfícies do interior do veículo.', 'APC que limpa profundamente sem agredir as superfícies do interior do veículo. Interior Cleaner Limpador Multiuso Sonax é um APC que limpa profundamente sem agredir as superfícies do interior do veículo, mesmo sujeiras como graxa, óleo e manchas difíceis. Ideal para painéis, bancos, portas e demais superfícies internas. Sonax Limpeza Interna', '{}'::text[], 'interior-cleaner-sonax-500ml', 'published', NULL, 'https://images.tcdn.com.br/img/img_prod/1152560/refil_interior_cleaner_limpador_multiuso_sonax_500ml_55_1_c8189fb00a4f53bef8c07c004f612c92.jpg', 4, 1, false, '2026-07-19T17:02:32.45277+00:00');
INSERT INTO public.search_documents (id, entity_type, entity_id, title, subtitle, short_description, search_text, keywords, slug, status, publish_at, image_url, rating, review_count, is_new, updated_at) VALUES ('eefc3e72-b410-4d1c-ad6a-f130712dfcbc', 'product', '63196c18-5b3f-4fdb-a045-343b597dc3e5', 'Lava Auto Neutro Cremoso Magil Clean 5 Litros Diluicao ate 150', 'Magil Clean', NULL, 'Magil Clean Limpeza Externa', '{}'::text[], 'lava-auto-neutro-cremoso-magil-clean-5-litros-diluicao-ate-150', 'published', NULL, 'https://images.tcdn.com.br/img/img_prod/1152560/lava_auto_neutro_cremoso_magil_clean_5_litros_dilu_1_20251103195558_30d84ce60666.jpg', 0, 0, false, '2026-07-20T00:44:19.410732+00:00');
INSERT INTO public.search_documents (id, entity_type, entity_id, title, subtitle, short_description, search_text, keywords, slug, status, publish_at, image_url, rating, review_count, is_new, updated_at) VALUES ('3bfd4d7f-7bda-4926-ad81-a48f776598db', 'product', 'bb48b6a8-41b6-4259-94bc-0357cb0e8147', 'Lava Auto Ultra Concentrado Snow Wash Protelim Diluicao ate 1400', 'Protelim', NULL, 'Protelim Limpeza Externa', '{}'::text[], 'lava-auto-ultra-concentrado-snow-wash-protelim-diluicao-ate-1400', 'published', NULL, 'https://images.tcdn.com.br/img/img_prod/1152560/lava_auto_ultra_concentrado_snow_wash_protelim_dil_1_20260524212454_38515b917bfb.jpg', 0, 0, false, '2026-07-20T00:44:19.410732+00:00');
INSERT INTO public.search_documents (id, entity_type, entity_id, title, subtitle, short_description, search_text, keywords, slug, status, publish_at, image_url, rating, review_count, is_new, updated_at) VALUES ('4144d6f6-b894-4315-be1d-cf4776b51362', 'product', '49302d06-cb5c-4ba2-8593-1a83ce84856b', 'Lava Autos Shampoo Automotivo Vintex 500ml', 'Vintex', 'Shampoo automotivo com pH neutro e alta concentração. Diluição 1:40 para lavagem prática e eficiente.', 'Shampoo automotivo com pH neutro e alta concentração. Diluição 1:40 para lavagem prática e eficiente. Lava Autos Vintex limpa e conserva a pintura do veículo com pH neutro e alta concentração. Diluição 1:40 para lavagem prática e eficiente, removendo sujeiras sem agredir a superfície. Vintex Limpeza Externa', '{}'::text[], 'lava-autos-vintex-500ml', 'published', NULL, 'https://images.tcdn.com.br/img/img_prod/1152560/lava_autos_shampoo_automotivo_vintex_500ml_dil_1_20260225232322_a6a4542f3186.jpg', 4, 1, false, '2026-07-20T00:44:19.410732+00:00');
INSERT INTO public.search_documents (id, entity_type, entity_id, title, subtitle, short_description, search_text, keywords, slug, status, publish_at, image_url, rating, review_count, is_new, updated_at) VALUES ('81010093-9bc0-4b86-9110-c5726c961b73', 'product', 'b0577b3e-4ed1-4f8e-8120-393c8f475868', 'LC2 Cera Líquida Toque Liso Lincoln 500ml', 'Lincoln', 'Cera líquida com brilho intenso, proteção e toque sedoso. Pode ser usada na superfície ainda molhada.', 'Cera líquida com brilho intenso, proteção e toque sedoso. Pode ser usada na superfície ainda molhada. A LC2 Cera Líquida Lincoln proporciona brilho intenso, proteção e toque sedoso e aveludado. É fácil de aplicar e pode ser usada na superfície ainda molhada. Ideal para manutenção rápida do brilho da pintura. Lincoln Ceras e Selantes', '{}'::text[], 'lc2-cera-liquida-lincoln-500ml', 'published', NULL, 'https://images.tcdn.com.br/img/img_prod/1152560/lc2_cera_liquida_toque_liso_lincoln_500ml_1001_1_76e122993aa7e0bc31a25d8ca89d91ea.jpg', 4, 1, false, '2026-07-19T17:02:32.45277+00:00');
INSERT INTO public.search_documents (id, entity_type, entity_id, title, subtitle, short_description, search_text, keywords, slug, status, publish_at, image_url, rating, review_count, is_new, updated_at) VALUES ('6e9a0843-8d12-4f94-a8a8-361d4ae29ef4', 'product', '1d16b4ed-fd52-42b9-8056-192dc4e26440', 'Limpa Vidros Antiembacante Easytech 500ml', 'EasyTech', NULL, 'EasyTech Limpeza de Vidros', '{}'::text[], 'limpa-vidros-antiembacante-easytech-500ml', 'published', NULL, 'https://images.tcdn.com.br/img/img_prod/1152560/limpa_vidros_antiembaante_easytech_500ml_1_20260608231625_8945cf2f1d48.jpg', 0, 0, false, '2026-07-19T17:02:32.45277+00:00');
INSERT INTO public.search_documents (id, entity_type, entity_id, title, subtitle, short_description, search_text, keywords, slug, status, publish_at, image_url, rating, review_count, is_new, updated_at) VALUES ('f7fedd20-6ec5-4e1c-ad30-0506e376cfd2', 'product', '11892a60-9009-4174-b787-013b801d7712', 'Limpador Multiação APC Vintex 500ml', 'Vintex', 'Limpador multiação que remove sujeiras difíceis com segurança. Formulação balanceada.', 'Limpador multiação que remove sujeiras difíceis com segurança. Formulação balanceada. O Limpador Multiação Vintex foi desenvolvido para remover sujeiras mais difíceis e de diversas naturezas. Remove gorduras, manchas e encardidos de bancos, tetos, painéis e laterais de porta com segurança. Vintex Limpeza Interna', '{}'::text[], 'limpador-multiacao-apc-vintex-500ml', 'published', NULL, 'https://images.tcdn.com.br/img/img_prod/1152560/green_apc_limpador_multiuso_autoamerica_500ml_6278_1_40172f9043392a08e12e236d7ac7e119.jpg', 4, 1, false, '2026-07-19T17:02:32.45277+00:00');
INSERT INTO public.search_documents (id, entity_type, entity_id, title, subtitle, short_description, search_text, keywords, slug, status, publish_at, image_url, rating, review_count, is_new, updated_at) VALUES ('f5fa367c-2839-4f83-90fb-c3b91087c7eb', 'product', '431c72bf-fb85-4af5-bbe8-8e09b23c2b82', 'Little Trees Odorizador Strength', 'Little Trees', 'Aromatizante icônico com aroma único de rápido efeito e longa duração.', 'Aromatizante icônico com aroma único de rápido efeito e longa duração. Os Aromatizantes Little Trees são feitos com ingredientes cuidadosamente selecionados, proporcionando aromas únicos de rápido efeito e longa duração. Formato clássico de árvore, fácil de pendurar no retrovisor. Little Trees Aromatizantes', '{}'::text[], 'little-trees-strength', 'published', NULL, 'https://images.tcdn.com.br/img/img_prod/1152560/little_trees_vanilla_pride_aroma_baunilha_ideal_para_carros_e_ambientes_1_unidade_4157_1_2f7b4ecb7b17414c174f7883c599be0a.jpg', 4, 1, false, '2026-07-19T17:02:32.45277+00:00');
INSERT INTO public.search_documents (id, entity_type, entity_id, title, subtitle, short_description, search_text, keywords, slug, status, publish_at, image_url, rating, review_count, is_new, updated_at) VALUES ('db902629-25a0-4961-a751-bc782ef53018', 'product', '19e7c520-1a9e-41ab-b98d-56ff65600e42', 'LL1 APC Limpador Multiuso Concentrado Lincoln 1L', 'Lincoln', 'Limpador multiuso de alta performance para sujeiras orgânicas e inorgânicas com mínimo esforço.', 'Limpador multiuso de alta performance para sujeiras orgânicas e inorgânicas com mínimo esforço. O APC LL1 é um limpador multiuso de alta performance, elaborado para limpar profundamente sujeiras orgânicas e inorgânicas, com o mínimo esforço e com a máxima segurança. Diluição variável conforme a intensidade da sujeira. Lincoln Limpeza Interna', '{}'::text[], 'll1-apc-limpador-multiuso-lincoln-1l', 'published', NULL, 'https://images.tcdn.com.br/img/img_prod/1152560/ll1_apc_limpador_multiuso_concentrado_lincoln_2_20251103231317_0f719fd13fb5.jpg', 4.5, 2, false, '2026-07-19T17:02:32.45277+00:00');
INSERT INTO public.search_documents (id, entity_type, entity_id, title, subtitle, short_description, search_text, keywords, slug, status, publish_at, image_url, rating, review_count, is_new, updated_at) VALUES ('51b10588-4fa6-4473-b770-fdb80257c622', 'product', '6ad73633-90dd-4dca-87b6-9f7d0bf397cb', 'LL4 IPA SOL Revelador de Holograma Lincoln 500ml', 'Lincoln', 'Formulação de álcool isopropílico para remoção de resíduos de compostos polidores.', 'Formulação de álcool isopropílico para remoção de resíduos de compostos polidores. LL4 IPA Sol é uma formulação de Álcool isopropílico utilizada principalmente na remoção de resíduos de compostos polidores da superfície automotiva. Revela hologramas e marcas de polimento para inspeção da pintura antes da finalização. Lincoln Polimento e Vitrificadores', '{}'::text[], 'll4-ipa-sol-lincoln-500ml', 'published', NULL, 'https://images.tcdn.com.br/img/img_prod/1152560/ll4_ipa_sol_revelador_de_holograma_lincoln_500ml_475_1_c651012833683e4854b8aa8ca1fb4dd1.jpg', 4, 1, false, '2026-07-19T17:02:32.45277+00:00');
INSERT INTO public.search_documents (id, entity_type, entity_id, title, subtitle, short_description, search_text, keywords, slug, status, publish_at, image_url, rating, review_count, is_new, updated_at) VALUES ('987162fc-4146-491c-8a3a-6dd1c5d4b90d', 'product', 'bcb69066-ef26-4eec-bf4d-e4b1804a22eb', 'LS1 Detail Wash Shampoo Automotivo Concentrado Lincoln 2L', 'Lincoln', 'Shampoo automotivo concentrado com excelente poder de limpeza e máxima segurança. Diluição 1:400.', 'Shampoo automotivo concentrado com excelente poder de limpeza e máxima segurança. Diluição 1:400. O LS1 Detail Wash Lincoln associa excelente poder de limpeza com máxima segurança. Limpa sem manchar ou danificar a pintura. Associa alta lubrificação com alto poder de limpeza, removendo sujeiras sem agredir a superfície. pH neutro, indicado para superfícies pintadas, carrocerias de veículos, náuticos e aeronaves. Lincoln Limpeza Externa', '{}'::text[], 'ls1-detail-wash-lincoln-2l', 'published', NULL, 'https://images.tcdn.com.br/img/img_prod/1152560/ls1_detail_wash_shampoo_automotivo_concentrado_1_400_lincoln_2_litros_885_1_4d5993d68f6aa097886715cf86095e56.jpg', 5, 2, false, '2026-07-20T00:44:19.410732+00:00');
INSERT INTO public.search_documents (id, entity_type, entity_id, title, subtitle, short_description, search_text, keywords, slug, status, publish_at, image_url, rating, review_count, is_new, updated_at) VALUES ('3dbafa31-19ed-4818-83d2-397934ef3f30', 'product', 'b32b64dd-a9ee-4108-90e4-4455c6d3b382', 'Magnus Removedor de Cola de Adesivos Graxa e Piche Evox 500ml', 'Evox', NULL, 'Evox Limpeza Interna', '{}'::text[], 'magnus-removedor-de-cola-de-adesivos-graxa-e-piche-evox-500ml', 'published', NULL, 'https://images.tcdn.com.br/img/img_prod/1152560/magnus_removedor_de_cola_de_adesivos_graxa_e_piche_1_20260326110940_3a66652d328b.jpg', 0, 0, false, '2026-07-19T17:02:32.45277+00:00');
INSERT INTO public.search_documents (id, entity_type, entity_id, title, subtitle, short_description, search_text, keywords, slug, status, publish_at, image_url, rating, review_count, is_new, updated_at) VALUES ('f99668cc-f4e0-488a-8915-f367801f68b4', 'product', '68fae0f7-734a-455b-9681-338fed6c01f7', 'MELON COLOURS Shampoo Espuma Amarela EasyTech 500ml', 'EasyTech', 'Shampoo automotivo neutro com efeito de espuma amarela para diferenciar a lavagem do dia a dia.', 'Shampoo automotivo neutro com efeito de espuma amarela para diferenciar a lavagem do dia a dia. Melon Colours é um shampoo automotivo neutro com um maravilhoso efeito de espuma Amarela, ideal para diferenciar a lavagem do dia a dia. pH neutro, seguro para todas as superfícies pintadas. EasyTech Limpeza Externa', '{}'::text[], 'melon-colours-amarela-easytech-500ml', 'published', NULL, 'https://images.tcdn.com.br/img/img_prod/1152560/melon_colours_shampoo_automotivo_espuma_amarela_para_snow_foam_canhao_de_espuma_easytech_500ml_1887_1_fc017305df31e9785804a81d915891bd.jpeg', 4.5, 1, true, '2026-07-20T00:44:19.410732+00:00');
INSERT INTO public.search_documents (id, entity_type, entity_id, title, subtitle, short_description, search_text, keywords, slug, status, publish_at, image_url, rating, review_count, is_new, updated_at) VALUES ('0ca9380a-9055-4b3c-89d8-9b0601a4a6c3', 'product', '9ea13ec1-0b10-48b0-b337-113df7c00be6', 'Melon Shampoo Automotivo Neutro Super Concentrado Easytech 150ml Diluicao 1400', 'EasyTech', NULL, 'EasyTech Limpeza Externa', '{}'::text[], 'melon-shampoo-automotivo-neutro-super-concentrado-easytech-150ml-diluicao-1400', 'published', NULL, 'https://images.tcdn.com.br/img/img_prod/1152560/melon_shampoo_automotivo_neutro_super_concentrado_1_20250922202135_959668bd9fa6.jpg', 0, 0, false, '2026-07-20T00:44:19.410732+00:00');
INSERT INTO public.search_documents (id, entity_type, entity_id, title, subtitle, short_description, search_text, keywords, slug, status, publish_at, image_url, rating, review_count, is_new, updated_at) VALUES ('10b54912-6491-4039-979e-dfadcfa3c048', 'product', '8c98c8a7-1635-40d8-aa67-ea39abb0e3a2', 'MELON Shampoo Automotivo Super Concentrado EasyTech 5L', 'EasyTech', 'O melhor shampoo automotivo já produzido no Brasil. Super concentrado com diluição 1:400.', 'O melhor shampoo automotivo já produzido no Brasil. Super concentrado com diluição 1:400. O MELON é super concentrado, com alto poder de limpeza mesmo diluído em 1:400. pH neutro, promove alta lubrificação e brilho, sem remover ceras ou selantes. Ideal para uso profissional e hobista, oferece rendimento excepcional. EasyTech Limpeza Externa', '{}'::text[], 'melon-shampoo-easytech-5l', 'published', NULL, 'https://lmcaizvlzmppfphmavbo.supabase.co/storage/v1/object/public/product-images/products/8c98c8a7-1635-40d8-aa67-ea39abb0e3a2/63ff9413-86de-4dee-ac60-161c005c84c9.jpg', 5, 5, false, '2026-07-20T00:44:19.410732+00:00');
INSERT INTO public.search_documents (id, entity_type, entity_id, title, subtitle, short_description, search_text, keywords, slug, status, publish_at, image_url, rating, review_count, is_new, updated_at) VALUES ('376e2cc2-da35-4738-bf4e-10fac0889e08', 'product', 'a1524004-4ffd-4f39-946b-7be5ac5eb02e', 'Mr. Black Limpa Pneu Sandet 5L', 'Sandet', 'Limpa pneu que devolve a aparência de nova às partes emborrachadas do veículo, com aspecto brilhante.', 'Limpa pneu que devolve a aparência de nova às partes emborrachadas do veículo, com aspecto brilhante. Limpa pneu. Indicado para devolver a aparência de nova às partes emborrachadas do veículo, dando um aspecto brilhante. Diluição: Pronto para o uso, sem diluição. Embalagem econômica de 5 litros. Sandet Ceras e Selantes', '{}'::text[], 'mr-black-sandet-5l', 'published', NULL, 'https://images.tcdn.com.br/img/img_prod/1152560/mr_black_limpa_pneu_sandet_5_litros_1685_1_79cd36fc493802b41b8cf861c9105ada.jpg', 4, 1, false, '2026-07-19T17:02:32.45277+00:00');
INSERT INTO public.search_documents (id, entity_type, entity_id, title, subtitle, short_description, search_text, keywords, slug, status, publish_at, image_url, rating, review_count, is_new, updated_at) VALUES ('40f839bf-0034-4d2c-8650-68e416d7ad90', 'product', '4eea3806-0e74-4233-9c16-f4ea5252987b', 'Multi X APC Concentrado CarPro 500ml', 'CarPro', 'Limpador APC concentrado de alta performance para detalhamento automotivo.', 'Limpador APC concentrado de alta performance para detalhamento automotivo. Limpador APC concentrado CarPro, formulado para limpeza profunda de múltiplas superfícies. Versátil e eficiente, pode ser diluído em diferentes proporções conforme a aplicação desejada. CarPro Limpeza Interna', '{}'::text[], 'multi-x-apc-carpro-500ml', 'published', NULL, 'https://images.tcdn.com.br/img/img_prod/1152560/multi_x_apc_concentrado_carpro_500ml_1257_1_96bd0f044c57c5c47241e24f2d505d97.jpg', 4, 1, false, '2026-07-19T17:02:32.45277+00:00');
INSERT INTO public.search_documents (id, entity_type, entity_id, title, subtitle, short_description, search_text, keywords, slug, status, publish_at, image_url, rating, review_count, is_new, updated_at) VALUES ('d87f9175-84c5-44fa-b2d5-079292e5d403', 'product', '47e9b60f-2d64-4cf9-85c3-0a6c949992c7', 'Native Brazilian Carnauba Paste Wax Vonixx 100g', 'Vonixx', 'Cera de carnaúba brasileira artesanal. Aroma natural, brilho quente e toque sedoso.', 'Cera de carnaúba brasileira artesanal. Aroma natural, brilho quente e toque sedoso. A cera é livre de fragrâncias artificiais, preservando o aroma natural da carnaúba. Fabricada artesanalmente com a cera de carnaúba brasileira, extraída das árvores nativas do Ceará. Proporciona brilho quente e toque sedoso à pintura. Vonixx Ceras e Selantes', '{}'::text[], 'native-paste-wax-vonixx-100g', 'published', NULL, 'https://images.tcdn.com.br/img/img_prod/1152560/cera_de_carnauba_em_pasta_native_paste_wax_vonixx_100g_1015_1_acb9e72306d028c849db9acecdd52812.jpg', 5, 2, false, '2026-07-19T17:02:32.45277+00:00');
INSERT INTO public.search_documents (id, entity_type, entity_id, title, subtitle, short_description, search_text, keywords, slug, status, publish_at, image_url, rating, review_count, is_new, updated_at) VALUES ('d2b817d7-94ec-4bd2-ad09-03a4b9e2549f', 'product', '0f44ea7e-6ce6-408f-acae-da3fcac2da75', 'Native Cleaner Wax Brazilian Carnaba Vonixx 500ml', 'Vonixx', NULL, 'Vonixx Ceras e Selantes', '{}'::text[], 'native-cleaner-wax-brazilian-carnauba-vonixx-500ml', 'published', NULL, 'https://images.tcdn.com.br/img/img_prod/1152560/native_cleaner_wax_brazilian_carnaba_vonixx_500m_1_20251008234311_8ea561d8bc5f.jpg', 0, 0, false, '2026-07-19T17:02:32.45277+00:00');
INSERT INTO public.search_documents (id, entity_type, entity_id, title, subtitle, short_description, search_text, keywords, slug, status, publish_at, image_url, rating, review_count, is_new, updated_at) VALUES ('d669edee-4dd0-4804-9f67-7bfaec452eac', 'product', '2fc78507-9b22-4409-a2de-e4aa1c7f02fc', 'Native Spray Wax Brazilian Carnaba Vonixx 500ml', 'Vonixx', NULL, 'Vonixx Ceras e Selantes', '{}'::text[], 'native-spray-wax-brazilian-carnauba-vonixx-500ml', 'published', NULL, 'https://images.tcdn.com.br/img/img_prod/1152560/native_spray_wax_brazilian_carnaba_vonixx_500ml_1_20251008234348_b5e8f71b2bf9.jpg', 0, 0, false, '2026-07-19T17:02:32.45277+00:00');
INSERT INTO public.search_documents (id, entity_type, entity_id, title, subtitle, short_description, search_text, keywords, slug, status, publish_at, image_url, rating, review_count, is_new, updated_at) VALUES ('a59cd579-3218-493c-84e5-51252061523a', 'product', 'fff38721-b830-41c0-8055-38c7f3fa1e44', 'One Step Polish 3 em 1 Menzerna 1L', 'Menzerna', 'Composto polidor 3 em 1: corte médio, brilho intenso e selante em um único produto.', 'Composto polidor 3 em 1: corte médio, brilho intenso e selante em um único produto. O One-Step 3 em 1 da Menzerna é um composto polidor de corte médio (abrasividade), brilho intenso e excelente selante em um único produto. Ideal para quem busca eficiência em uma única etapa de polimento, economizando tempo sem comprometer o resultado. Menzerna Polimento e Vitrificadores', '{}'::text[], 'one-step-polish-3em1-menzerna-1l', 'published', NULL, 'https://images.tcdn.com.br/img/img_prod/1152560/one_step_polish_3_em_1_polidor_de_abrasividade_media_menzerna_1_litro_117_1_8ca2a99522a67bf00f575a8febdcb598.jpg', 5, 4, false, '2026-07-19T17:02:32.45277+00:00');
INSERT INTO public.search_documents (id, entity_type, entity_id, title, subtitle, short_description, search_text, keywords, slug, status, publish_at, image_url, rating, review_count, is_new, updated_at) VALUES ('bcc6d8b1-e85c-4a9a-ae74-f4b94d01e756', 'product', '46cc38b2-a9da-4e89-85e0-0f05f050e876', 'PINK Shampoo Automotivo Híbrido Concentrado EasyTech 1,5L', 'EasyTech', 'Shampoo automotivo versátil que age como desengraxante ou shampoo de manutenção conforme diluição.', 'Shampoo automotivo versátil que age como desengraxante ou shampoo de manutenção conforme diluição. Pink é um shampoo automotivo versátil. Em determinadas concentrações age como um desengraxante ou como um shampoo de manutenção do dia a dia. Super concentrado com diluição de até 1:200, oferece alto rendimento e excelente relação custo-benefício. pH neutro, seguro para todas as superfícies pintadas. EasyTech Limpeza Externa', '{}'::text[], 'pink-shampoo-hibrido-easytech-15l', 'published', NULL, 'https://images.tcdn.com.br/img/img_prod/1152560/pink_shampoo_automotivo_hibrido_concentrado_easytech_1_5l_diluicao_1_200_1937_1_74155f564b5b474b2bb93fff8fda8912.jpg', 4.5, 3, true, '2026-07-20T00:44:19.410732+00:00');
INSERT INTO public.search_documents (id, entity_type, entity_id, title, subtitle, short_description, search_text, keywords, slug, status, publish_at, image_url, rating, review_count, is_new, updated_at) VALUES ('63cbc92c-38ba-4e36-9f8d-d32843e0efd5', 'product', '1dafab37-d5d0-473e-9360-aef051e35000', 'Pluri Fast Limpador Pronto Uso Easytech 500ml', 'EasyTech', NULL, 'EasyTech Limpeza Interna', '{}'::text[], 'pluri-fast-limpador-pronto-uso-easytech-500ml', 'published', NULL, 'https://images.tcdn.com.br/img/img_prod/1152560/pluri_fast_limpador_pronto_uso_easytech_500ml_1_20260625154533_6a35425dc648.jpg', 0, 0, false, '2026-07-19T17:02:32.45277+00:00');
INSERT INTO public.search_documents (id, entity_type, entity_id, title, subtitle, short_description, search_text, keywords, slug, status, publish_at, image_url, rating, review_count, is_new, updated_at) VALUES ('70ee7da9-26ea-4ad1-a0c6-39954bb747c9', 'product', '276f83b5-bc2f-4368-9c82-5085b8748958', 'PLURI Super APC Alcalino EasyTech 5L', 'EasyTech', 'Multilimpador APC alcalino para limpeza pesada e desengraxe. Concentrado com diluição até 1:50.', 'Multilimpador APC alcalino para limpeza pesada e desengraxe. Concentrado com diluição até 1:50. Multilimpador APC PLURI é um limpador multifuncional destinado à remoção de sujeiras pesadas e desengraxe. PLURI é concentrado e de baixa viscosidade, fácil de diluir. Indicado para limpeza de motores, rodas, superfícies internas e externas. EasyTech Limpeza Interna', '{}'::text[], 'pluri-apc-alcalino-easytech-5l', 'published', NULL, 'https://images.tcdn.com.br/img/img_prod/1152560/pluri_super_apc_alcalino_concentrado_easytech_5_litros_diluicao_ate_1_60_749_1_8fef47d99773e614e347fcd64c0acfda.jpg', 4.5, 2, false, '2026-07-19T17:02:32.45277+00:00');
INSERT INTO public.search_documents (id, entity_type, entity_id, title, subtitle, short_description, search_text, keywords, slug, status, publish_at, image_url, rating, review_count, is_new, updated_at) VALUES ('a362b8ac-cb1f-464e-b63f-90aae715f6c6', 'product', 'e89d71ac-8453-48d5-96fe-89309d07d6c3', 'Pneu Pretinho Vintex 500ml', 'Vintex', 'Produto desenvolvido para proteger, conservar e dar brilho aos pneus. Brilho molhado e super concentrado.', 'Produto desenvolvido para proteger, conservar e dar brilho aos pneus. Brilho molhado e super concentrado. O Pneu Pretinho Vintex é um produto especialmente desenvolvido para proteger, conservar e dar brilho aos pneus em geral. Proteção prolongada, brilho intenso e duradouro que deixa os pneus com aspecto de novos. Brilho molhado, super concentrado. Vintex Ceras e Selantes', '{}'::text[], 'pneu-pretinho-vintex-500ml', 'published', NULL, 'https://images.tcdn.com.br/img/img_prod/1152560/pneu_pretinho_vintex_500ml_1_20260301145927_33bc1d6c00f6.jpg', 5, 3, false, '2026-07-19T17:02:32.45277+00:00');
INSERT INTO public.search_documents (id, entity_type, entity_id, title, subtitle, short_description, search_text, keywords, slug, status, publish_at, image_url, rating, review_count, is_new, updated_at) VALUES ('cfb55154-5618-4b8f-8f5a-8eaf1089175d', 'product', '156b21d9-f5e5-4b05-b55a-317a5553ea1b', 'Pneu Visco Abrilhantador de Pneus Cadillac 5 Litros', 'Cadillac', NULL, 'Cadillac Ceras e Selantes', '{}'::text[], 'pneu-visco-abrilhantador-de-pneus-cadillac-5-litros', 'published', NULL, 'https://images.tcdn.com.br/img/img_prod/1152560/pneu_visco_cadillac_5_litros_1_20251014144509_1c888e67a2f9.jpg', 0, 0, false, '2026-07-19T17:02:32.45277+00:00');
INSERT INTO public.search_documents (id, entity_type, entity_id, title, subtitle, short_description, search_text, keywords, slug, status, publish_at, image_url, rating, review_count, is_new, updated_at) VALUES ('fe732acd-3472-4cfc-a158-032f762f5d37', 'product', 'be2904ae-52bf-47e0-936e-d3eaa537703b', 'Prot Sh400 Detergente Automotivo Neutro Concentrado Protelim 5 Litros Diluicao ate 150', 'Protelim', NULL, 'Protelim Limpeza Externa', '{}'::text[], 'prot-sh400-detergente-automotivo-neutro-concentrado-protelim-5-litros-diluicao-ate-150', 'published', NULL, 'https://images.tcdn.com.br/img/img_prod/1152560/prot_sh400_detergente_automotivo_neutro_concentrad_1_20260706133933_fee6890994e4.jpg', 0, 0, false, '2026-07-20T00:44:19.410732+00:00');
INSERT INTO public.search_documents (id, entity_type, entity_id, title, subtitle, short_description, search_text, keywords, slug, status, publish_at, image_url, rating, review_count, is_new, updated_at) VALUES ('98b7b1a7-19b2-49ed-a956-24968212100e', 'product', '631201b7-c5c6-4fd6-bf8b-5d8338b74682', 'PROT SH400 Detergente Automotivo Protelim 20L', 'Protelim', 'Detergente automotivo concentrado de alto rendimento para superfícies pintadas e carrocerias.', 'Detergente automotivo concentrado de alto rendimento para superfícies pintadas e carrocerias. PROT SH400 é um detergente automotivo concentrado de alto rendimento, indicado para superfícies pintadas, carrocerias de veículos, náuticos, aeronaves, etc. Produto profissional de alta performance para lavagem técnica. Protelim Limpeza Externa', '{}'::text[], 'prot-sh400-protelim-20l', 'published', NULL, 'https://images.tcdn.com.br/img/img_prod/1152560/prot_sh400_detergente_automotivo_neutro_concentrado_protelim_20_litros_5807_1_a7552e4ffd2f855626e0b5f5c55ab010.jpg', 4, 1, false, '2026-07-20T00:44:19.410732+00:00');
INSERT INTO public.search_documents (id, entity_type, entity_id, title, subtitle, short_description, search_text, keywords, slug, status, publish_at, image_url, rating, review_count, is_new, updated_at) VALUES ('32a5bdf0-d20f-4c1a-8687-e0d6c4c207f3', 'product', '6d304abd-ab55-480f-aef7-2bb3b63fc99d', 'Reflex Removedor de Manchas em Vidros com Acao Rapida e Ph Balanceado Easytech 500ml', 'EasyTech', NULL, 'EasyTech Limpeza de Vidros', '{}'::text[], 'reflex-removedor-de-manchas-em-vidros-com-acao-rapida-e-ph-balanceado-easytech-500ml', 'published', NULL, 'https://images.tcdn.com.br/img/img_prod/1152560/reflex_removedor_de_manchas_em_vidros_com_ao_rpida_1_20250923165453_fffec0cf9e82.jpg', 0, 0, false, '2026-07-19T17:02:32.45277+00:00');
INSERT INTO public.search_documents (id, entity_type, entity_id, title, subtitle, short_description, search_text, keywords, slug, status, publish_at, image_url, rating, review_count, is_new, updated_at) VALUES ('df5937c9-ba42-4685-b8cf-08b41a0f6717', 'product', 'a5c5d143-3474-454c-9fa2-9e40763a6c28', 'Renovador de Couro Autoshine 5L', 'Autoshine', 'Renovador que hidrata, limpa e protege o couro, devolvendo a aparência original.', 'Renovador que hidrata, limpa e protege o couro, devolvendo a aparência original. O Renovador de Couro Autoshine foi desenvolvido para hidratar, limpar e proteger o tecido derivado de animais, que com a ação do tempo perde a aparência original. Devolve maciez, cor e brilho ao couro automotivo. Autoshine Limpeza Interna', '{}'::text[], 'renovador-couro-autoshine-5l', 'published', NULL, 'https://images.tcdn.com.br/img/img_prod/1152560/renovador_de_couro_autoshine_5_litros_163_1_7d68f81fb7dd6a66a34bc126fd2d3e0e.jpg', 4, 1, false, '2026-07-19T17:02:32.45277+00:00');
INSERT INTO public.search_documents (id, entity_type, entity_id, title, subtitle, short_description, search_text, keywords, slug, status, publish_at, image_url, rating, review_count, is_new, updated_at) VALUES ('cb78cd83-31c6-44f4-80fd-d5d640425e73', 'product', 'ab0bdb1f-be0c-450a-9310-8f385bd345af', 'Resolvidro Gold em P Composto para Polimento de Vidros 100g', 'Resoltak', NULL, 'Resoltak Limpeza de Vidros', '{}'::text[], 'resolvidro-gold-em-po-composto-para-polimento-de-vidros-100g', 'published', NULL, 'https://images.tcdn.com.br/img/img_prod/1152560/resolvidro_gold_em_p_composto_para_polimento_de_vi_1_20260601162530_b10ff9366cb6.jpg', 0, 0, false, '2026-07-19T17:02:32.45277+00:00');
INSERT INTO public.search_documents (id, entity_type, entity_id, title, subtitle, short_description, search_text, keywords, slug, status, publish_at, image_url, rating, review_count, is_new, updated_at) VALUES ('c066700c-2ffb-46da-b7fa-a32d5fa2a350', 'product', 'a8738579-6a1f-401f-b5c8-a676c8e02373', 'Revelax Revelador de Hologramas Vonixx 500ml', 'Vonixx', 'Produto desenvolvido especificamente para revelar os reais defeitos da pintura automotiva.', 'Produto desenvolvido especificamente para revelar os reais defeitos da pintura automotiva. Revelax Vonixx é um produto desenvolvido especificamente para revelar os reais defeitos da pintura automotiva. Permite identificar hologramas, marcas de polimento e imperfeições não visíveis a olho nu, garantindo um polimento técnico de qualidade. Vonixx Polimento e Vitrificadores', '{}'::text[], 'revelax-revelador-hologramas-vonixx-500ml', 'published', NULL, 'https://images.tcdn.com.br/img/img_prod/1152560/revelax_revelador_de_hologramas_vonixx_500ml_417_1_3e2d412e6438295c3ec0843bda277320.jpg', 4, 1, false, '2026-07-19T17:02:32.45277+00:00');
INSERT INTO public.search_documents (id, entity_type, entity_id, title, subtitle, short_description, search_text, keywords, slug, status, publish_at, image_url, rating, review_count, is_new, updated_at) VALUES ('9b62ea9a-6ca1-45b9-a79e-929e45a54e9c', 'product', '078dab59-f336-496b-bc25-545730c13c1f', 'Revox Selante Sintético para Pneus Vonixx 500ml', 'Vonixx', 'Selante sintético para pneus que protege, dá brilho e renova o aspecto. Evolução em cuidados para as rodas.', 'Selante sintético para pneus que protege, dá brilho e renova o aspecto. Evolução em cuidados para as rodas. A evolução em cuidados para as rodas. Revox é um selante sintético para pneus, formulado para proteger, dar brilho e renovar o aspecto, além de promover durabilidade. Não deixa a superfície pegajosa e oferece acabamento natural. Vonixx Ceras e Selantes', '{}'::text[], 'revox-selante-pneus-vonixx-500ml', 'published', NULL, 'https://images.tcdn.com.br/img/img_prod/1152560/revox_selante_sintetico_para_pneus_vonixx_500ml_1113_1_c52b5f02309f3ab73cf5bc9ea8786608.jpg', 4.5, 2, true, '2026-07-19T17:02:32.45277+00:00');
INSERT INTO public.search_documents (id, entity_type, entity_id, title, subtitle, short_description, search_text, keywords, slug, status, publish_at, image_url, rating, review_count, is_new, updated_at) VALUES ('e2fb1ff9-4bb5-497e-8a55-606e6c58a1f6', 'product', 'f5a00b0f-0db7-4e56-97a8-20b79b487f16', 'Sani Prime Finalizador Dub Boyz 1 5l', 'Dub Boyz', NULL, 'Dub Boyz Aromatizantes', '{}'::text[], 'sani-prime-finalizador-dub-boyz-1-5l', 'published', NULL, 'https://images.tcdn.com.br/img/img_prod/1152560/sani_prime_finalizador_dub_boyz_15l_1_20260625221013_13167b8f318b.jpg', 0, 0, false, '2026-07-19T17:02:32.45277+00:00');
INSERT INTO public.search_documents (id, entity_type, entity_id, title, subtitle, short_description, search_text, keywords, slug, status, publish_at, image_url, rating, review_count, is_new, updated_at) VALUES ('e5ebd2e3-d853-4c8e-af68-122a7b90531f', 'product', '9a126a0b-3f18-47db-af75-c1c8bc487b19', 'Sani Sweet Finalizador Dub Boyz 1 5l', 'Dub Boyz', NULL, 'Dub Boyz Aromatizantes', '{}'::text[], 'sani-sweet-finalizador-dub-boyz-1-5l', 'published', NULL, 'https://images.tcdn.com.br/img/img_prod/1152560/sani_sweet_finalizador_dub_boyz_15l_1_20260625220412_6a51bbb14bcf.jpg', 0, 0, false, '2026-07-19T17:02:32.45277+00:00');
INSERT INTO public.search_documents (id, entity_type, entity_id, title, subtitle, short_description, search_text, keywords, slug, status, publish_at, image_url, rating, review_count, is_new, updated_at) VALUES ('5f1f7677-0b62-4168-975b-cc1946495778', 'product', 'bb812a11-3bd4-4541-b3c8-c787309b07ca', 'SIO2-PRO Selante Cerâmico Spray Vonixx 500ml', 'Vonixx', 'Selante cerâmico em spray com tecnologia SIO2. Toque aveludado e proteção duradoura por até 3 meses.', 'Selante cerâmico em spray com tecnologia SIO2. Toque aveludado e proteção duradoura por até 3 meses. SIO2-PRO é um produto avançado da Vonixx, projetado para fornecer proteção de alta qualidade. Com tecnologia SIO2 avançada, oferece camada protetora contra radiação UV, poluição e fatores ambientais. Maior poder hidrofóbico e melhor acabamento. Mais brilho por até 3 meses. Pronto uso. Vonixx Ceras e Selantes', '{}'::text[], 'sio2-pro-selante-ceramico-vonixx-500ml', 'published', NULL, 'https://images.tcdn.com.br/img/img_prod/1152560/sio2_pro_manuteno_de_vitrificadores_vonixx_500_1_20251008234433_ed1a349aa328.jpg', 5, 4, true, '2026-07-19T17:02:32.45277+00:00');
INSERT INTO public.search_documents (id, entity_type, entity_id, title, subtitle, short_description, search_text, keywords, slug, status, publish_at, image_url, rating, review_count, is_new, updated_at) VALUES ('3b979f32-3821-4201-a576-dc8878ec1cd2', 'product', 'd89127e7-db18-426d-870b-dd2a8349c31e', 'Snow Many Lava Auto Neutro Dub Boyz 1 5l', 'Dub Boyz', NULL, 'Dub Boyz Limpeza Externa', '{}'::text[], 'snow-many-lava-auto-neutro-dub-boyz-1-5l', 'published', NULL, 'https://images.tcdn.com.br/img/img_prod/1152560/snow_many_lava_auto_neutro_dub_boyz_15l_1_20260625215439_04b81419c1f0.jpg', 0, 0, false, '2026-07-20T00:44:19.410732+00:00');
INSERT INTO public.search_documents (id, entity_type, entity_id, title, subtitle, short_description, search_text, keywords, slug, status, publish_at, image_url, rating, review_count, is_new, updated_at) VALUES ('99901514-b347-4a35-ad5e-c3c4347a0bb8', 'product', '22fcb62b-285a-4829-93ad-23df83e3d5ea', 'SOUL Hidratante de Couro EasyTech 500ml', 'EasyTech', 'Hidratante de couro à base de lanolina, óleo de amêndoas e aloe vera. Acabamento seco e toque macio.', 'Hidratante de couro à base de lanolina, óleo de amêndoas e aloe vera. Acabamento seco e toque macio. Soul é um hidratante de couro desenvolvido à base de substratos nobres, baseado em Lanolina, óleo de amêndoas e óleo de aloe vera. Soul tem um acabamento seco e toque macio, hidratando o couro sem deixá-lo gorduroso. Ideal para manutenção de couros natural e sintético. EasyTech Limpeza Interna', '{}'::text[], 'soul-hidratante-couro-easytech-500ml', 'published', NULL, 'https://images.tcdn.com.br/img/img_prod/1152560/soul_hidratante_de_couro_sintetico_e_natural_easytech_500ml_1199_1_5c2273b9c8958ec37c00c7e9a47c8ed5.jpg', 4.5, 2, false, '2026-07-19T17:02:32.45277+00:00');
INSERT INTO public.search_documents (id, entity_type, entity_id, title, subtitle, short_description, search_text, keywords, slug, status, publish_at, image_url, rating, review_count, is_new, updated_at) VALUES ('9f3679a8-5b62-40b4-9f08-e34341cf407c', 'product', '882c133c-e275-4ad9-9d4e-2a2178e3bf56', 'Super Heavy Cut Compound 300 Menzerna 250ml', 'Menzerna', 'Composto polidor de corte agressivo para correção de defeitos severos na pintura.', 'Composto polidor de corte agressivo para correção de defeitos severos na pintura. Menzerna SC 300 Super Heavy Cut Compound é um Composto Polidor de Corte Agressivo para correção de defeitos severos na pintura, atinge o valor máximo na escala de corte. Desenvolvido para remoção eficiente de riscos profundos e imperfeições severas. Menzerna Polimento e Vitrificadores', '{}'::text[], 'super-heavy-cut-300-menzerna-250ml', 'published', NULL, 'https://images.tcdn.com.br/img/img_prod/1152560/super_heavy_cut_compound_300_composto_polidor_de_corte_agressivo_menzerna_250ml_899_1_2cca1950d5ebb619f50287c8b18fc072.jpg', 5, 2, false, '2026-07-19T17:02:32.45277+00:00');
INSERT INTO public.search_documents (id, entity_type, entity_id, title, subtitle, short_description, search_text, keywords, slug, status, publish_at, image_url, rating, review_count, is_new, updated_at) VALUES ('01e0c4d4-ad67-488c-9380-cf14beeb93d6', 'product', 'c992a894-242f-43d8-a367-71b8fd0808cd', 'Tapetex Limpador para Tapetes e Carpetes Easytech 5 Litros Diluicao ate 1150', 'EasyTech', NULL, 'EasyTech Limpeza Interna', '{}'::text[], 'tapetex-limpador-para-tapetes-e-carpetes-easytech-5-litros-diluicao-ate-1150', 'published', NULL, 'https://images.tcdn.com.br/img/img_prod/1152560/tapetex_limpador_para_tapetes_e_carpetes_easytec_1_20250813210806_584bcd0ad06d.jpg', 0, 0, false, '2026-07-19T17:02:32.45277+00:00');
INSERT INTO public.search_documents (id, entity_type, entity_id, title, subtitle, short_description, search_text, keywords, slug, status, publish_at, image_url, rating, review_count, is_new, updated_at) VALUES ('56b11269-befb-4a57-93a3-4fb604a22977', 'product', '8f407d0a-1333-4f33-aee6-aa1ce7e341f0', 'Ultra Limpador Magil Clean 1 15 Litros Diluicao ate 1100', 'Magil Clean', NULL, 'Magil Clean Limpeza Interna', '{}'::text[], 'ultra-limpador-magil-clean-1-15-litros-diluicao-ate-1100', 'published', NULL, 'https://images.tcdn.com.br/img/img_prod/1152560/ultra_limpador_magil_clean_115_litros_diluio_at_11_1_20251103202244_ca9cd03e6f7b.jpg', 0, 0, false, '2026-07-19T17:02:32.45277+00:00');
INSERT INTO public.search_documents (id, entity_type, entity_id, title, subtitle, short_description, search_text, keywords, slug, status, publish_at, image_url, rating, review_count, is_new, updated_at) VALUES ('1753afb0-cf03-4b22-8217-a759d6a91183', 'product', 'f4e1e241-16fe-473b-a024-8a11f94171d3', 'Ultra Limpador Magil Clean 5 Litros Diluicao ate 1100', 'Magil Clean', NULL, 'Magil Clean Limpeza Interna', '{}'::text[], 'ultra-limpador-magil-clean-5-litros-diluicao-ate-1100', 'published', NULL, 'https://images.tcdn.com.br/img/img_prod/1152560/ultra_limpador_magil_clean_5_litros_diluio_at_1100_1_20251103201832_e4dcc182cff3.jpg', 0, 0, false, '2026-07-19T17:02:32.45277+00:00');
INSERT INTO public.search_documents (id, entity_type, entity_id, title, subtitle, short_description, search_text, keywords, slug, status, publish_at, image_url, rating, review_count, is_new, updated_at) VALUES ('e5577fef-5b23-487b-9604-1bf3152855cb', 'product', '981404e5-30e7-484e-befe-3b5d25016972', 'V-FLOC Lava Auto Super Concentrado Vonixx 1,5L', 'Vonixx', 'Lava autos de alta performance, pH neutro, super concentrado com diluição 1:400.', 'Lava autos de alta performance, pH neutro, super concentrado com diluição 1:400. V-FLOC é um lava autos de alta performance e de pH neutro. Sua fórmula contém agentes condicionadores e tensoativos especiais que proporcionam uma lavagem suave e eficiente. V-FLOC tem alto grau de lubrificação, promovendo redução significativa do coeficiente de atrito, proporcionando um melhor deslize da luva de microfibra e reduzindo de forma efetiva as chances de microrriscos na pintura. Também promove brilho e aspecto de renovação da pintura. Diluição: 1:20 para Snow Foam, 1:400 para lavagem comum com balde. Vonixx Limpeza Externa', '{}'::text[], 'v-floc-lava-auto-vonixx-15l', 'published', NULL, 'https://images.tcdn.com.br/img/img_prod/1152560/v_floc_lava_auto_super_concentrado_diluicao_1_400_vonixx_500ml_1501_1_c0b4dbb016b38f702762f81d23c53b48.jpg', 5, 4, false, '2026-07-20T00:44:19.410732+00:00');
INSERT INTO public.search_documents (id, entity_type, entity_id, title, subtitle, short_description, search_text, keywords, slug, status, publish_at, image_url, rating, review_count, is_new, updated_at) VALUES ('878b8ecf-7243-4014-89d1-f6ec0d7f84a4', 'product', '0707ffcf-4c43-49f4-89e4-55aea6efe919', 'V-POLISH Polidor de Refino e Lustro Vonixx 500ml', 'Vonixx', 'Composto polidor de refino com tecnologia VHP (Voxer Hybrid Polish) para excelente acabamento.', 'Composto polidor de refino com tecnologia VHP (Voxer Hybrid Polish) para excelente acabamento. V-POLISH é um composto polidor de refino desenvolvido com tecnologia VHP (Voxer Hybrid Polish), que proporciona excelente acabamento para todos os tipos de verniz. Promove brilho intenso e remoção eficiente de defeitos leves a moderados. Vonixx Polimento e Vitrificadores', '{}'::text[], 'v-polish-refino-lustro-vonixx-500ml', 'published', NULL, 'https://images.tcdn.com.br/img/img_prod/1152560/v_polish_polidor_de_refino_e_lustro_etapa_2_sistema_vhp_vonixx_500ml_1867_1_43b7d079e4b747690b390a75b0574448.jpg', 4.5, 1, true, '2026-07-19T17:02:32.45277+00:00');
INSERT INTO public.search_documents (id, entity_type, entity_id, title, subtitle, short_description, search_text, keywords, slug, status, publish_at, image_url, rating, review_count, is_new, updated_at) VALUES ('a1a48e73-50ea-4e12-bdc5-c5f19f9d127c', 'product', 'c2364c8c-3bd0-4fba-ae05-39ba82961cab', 'V80 Selante Sintético Vonixx 500ml', 'Vonixx', 'Selante sintético com proteção avançada e propriedades hidrofóbicas. Fácil aplicação e remoção.', 'Selante sintético com proteção avançada e propriedades hidrofóbicas. Fácil aplicação e remoção. O V80 é um selante sintético desenvolvido para oferecer proteção avançada e propriedades hidrofóbicas à pintura do veículo. Fácil aplicação e remoção, promove brilho intenso e duradouro. Ideal para manutenção de superfícies já protegidas ou como camada base. Vonixx Ceras e Selantes', '{}'::text[], 'v80-selante-sintetico-vonixx-500ml', 'published', NULL, 'https://images.tcdn.com.br/img/img_prod/1152560/v80_selante_sinttico_vonixx_240ml_1_20251209154609_309c864c062c.jpg', 4.5, 2, false, '2026-07-19T17:02:32.45277+00:00');
INSERT INTO public.search_documents (id, entity_type, entity_id, title, subtitle, short_description, search_text, keywords, slug, status, publish_at, image_url, rating, review_count, is_new, updated_at) VALUES ('58202c64-d9bd-4230-a12e-d8b2faf03f0d', 'product', 'db4ba17e-25c2-4c6b-a6ed-bc0ba7ae009d', 'V80 Selante Sinttico Vonixx 240ml', 'Vonixx', NULL, 'Vonixx Ceras e Selantes', '{}'::text[], 'v80-selante-sintetico-vonixx-240ml', 'published', NULL, 'https://images.tcdn.com.br/img/img_prod/1152560/v80_selante_sinttico_vonixx_240ml_1_20251209154609_309c864c062c.jpg', 0, 0, false, '2026-07-19T17:02:32.45277+00:00');
INSERT INTO public.search_documents (id, entity_type, entity_id, title, subtitle, short_description, search_text, keywords, slug, status, publish_at, image_url, rating, review_count, is_new, updated_at) VALUES ('52e79ac4-ed02-4945-961d-2362a6614938', 'product', '7e8ad1e1-3af3-457f-8a77-111a9b3926f6', 'Vítria Cristalizador de Vidro EasyTech 30ml', 'EasyTech', 'Protege vidros, cromados e madeiras laqueadas com camada cerâmica invisível de longa duração.', 'Protege vidros, cromados e madeiras laqueadas com camada cerâmica invisível de longa duração. Vítria protege vidros, peças cromadas e madeiras laqueadas através de uma camada cerâmica invisível de longa duração, com acabamento estético impecável e alto brilho. Produto de alta performance para cristalização de vidros automotivos. EasyTech Limpeza de Vidros', '{}'::text[], 'vitria-cristalizador-easytech-30ml', 'published', NULL, 'https://images.tcdn.com.br/img/img_prod/1152560/vitria_cristalizador_de_vidro_easytech_30ml_1223_1_59620518d25d6f8d12b39b5ce4f392c2.jpg', 4.5, 1, false, '2026-07-19T17:02:32.45277+00:00');
INSERT INTO public.search_documents (id, entity_type, entity_id, title, subtitle, short_description, search_text, keywords, slug, status, publish_at, image_url, rating, review_count, is_new, updated_at) VALUES ('3c1e20e1-bd39-4182-811e-bb9e8084d83e', 'product', '1d648d5c-e838-4b5d-a288-f27235ca59c0', 'VX45 Vitrificador de Pintura Ceramic Coat Alcance 60ml', 'Alcance', 'Revestimento cerâmico 9H com proteção por até 3 anos. Camada vitrificada com poros menores que a tinta.', 'Revestimento cerâmico 9H com proteção por até 3 anos. Camada vitrificada com poros menores que a tinta. O VX45 cria uma camada vitrificada que tem os poros muito menores que os da tinta automotiva, proporcionando considerável diminuição do acúmulo de sujeiras. Proteção 9H por até 3 anos, maior intensidade de brilho e profundidade de cor, melhor sensibilidade ao toque. Alcance Ceras e Selantes', '{}'::text[], 'vx45-vitrificador-alcance-60ml', 'published', NULL, 'https://images.tcdn.com.br/img/img_prod/1152560/vx45_vitrificador_de_pintura_revestimento_ceramico_protecao_9h_por_ate_3_anos_alcance_60ml_21_1_7bc5044ade591f82496e2b5923ee95df.jpg', 5, 3, false, '2026-07-19T17:02:32.45277+00:00');
INSERT INTO public.search_documents (id, entity_type, entity_id, title, subtitle, short_description, search_text, keywords, slug, status, publish_at, image_url, rating, review_count, is_new, updated_at) VALUES ('0c869b08-e5f5-4ed9-a314-d17db36a558d', 'product', '5570b578-f72d-45e8-97d1-ccf115267e4f', 'Zyon Limpador Automotivo Zacs 500ml', 'Zacs', NULL, 'Zacs Limpeza Interna', '{}'::text[], 'zyon-limpador-automotivo-zacs-500ml', 'published', NULL, 'https://images.tcdn.com.br/img/img_prod/1152560/zyon_limpador_automotivo_zacs_500ml_1_20260426133216_c114a538f544.jpg', 0, 0, false, '2026-07-19T17:02:32.45277+00:00');

